Image_ID,Spike Area Manual,Spike Area Automatic,Class
A2_MHV_AxA_0001_Ceta_1553_1924,0.0,0.0,mutant
A2_MHV_AxA_0001_Ceta_1941_1140,1282.0,1282.0,mutant
A2_MHV_AxA_0001_Ceta_208_411,0.0,0.0,mutant
A2_MHV_AxA_0001_Ceta_2140_1077,1295.0,1295.0,mutant
A2_MHV_AxA_0001_Ceta_3147_589,75.0,75.0,mutant
A2_MHV_AxA_0001_Ceta_520_2956,8432.0,8432.0,mutant
A2_MHV_AxA_0002_Ceta_1721_2872,1410.0,1613.0,mutant
A2_MHV_AxA_0002_Ceta_2065_345,97878.0,97878.0,mutant
A2_MHV_AxA_0002_Ceta_2677_3706,2528.0,3932.0,mutant
A2_MHV_AxA_0002_Ceta_3031_497,942.0,1096.0,mutant
A2_MHV_AxA_0002_Ceta_84_1614,0.0,0.0,mutant
A2_MHV_AxA_0003_Ceta_118_2616,68032.0,68032.0,mutant
A2_MHV_AxA_0003_Ceta_1488_963,1250.0,1357.0,mutant
A2_MHV_AxA_0003_Ceta_2054_3647,0.0,517.0,mutant
A2_MHV_AxA_0003_Ceta_2176_321,0.0,4.0,mutant
A2_MHV_AxA_0003_Ceta_2509_3060,1564.0,1564.0,mutant
A2_MHV_AxA_0003_Ceta_3242_1933,105771.0,68037.0,mutant
A2_MHV_AxA_0003_Ceta_3272_1549,79868.0,111303.0,mutant
A2_MHV_AxA_0003_Ceta_760_2241,4872.0,4872.0,mutant
A2_MHV_AxA_0004_Ceta_0_3161,0.0,0.0,mutant
A2_MHV_AxA_0004_Ceta_2014_1539,1805.0,1805.0,mutant
A2_MHV_AxA_0004_Ceta_2090_543,4667.0,4786.0,mutant
A2_MHV_AxA_0004_Ceta_2499_821,0.0,0.0,mutant
A2_MHV_AxA_0004_Ceta_2752_2166,5477.0,5477.0,mutant
A2_MHV_AxA_0005_Ceta_230_1857,1509.0,1509.0,mutant
A2_MHV_AxA_0005_Ceta_2692_1099,163.0,0.0,mutant
A2_MHV_AxA_0005_Ceta_2898_2423,1078.0,1222.0,mutant
A2_MHV_AxA_0005_Ceta_2964_1357,189485.0,30883.0,mutant
A2_MHV_AxA_0005_Ceta_3009_3450,1276.0,1276.0,mutant
A2_MHV_AxA_0005_Ceta_3409_948,0.0,0.0,mutant
A2_MHV_AxA_0005_Ceta_578_912,0.0,0.0,mutant
A2_MHV_AxA_0006_Ceta_0_1156,128.0,128.0,mutant
A2_MHV_AxA_0006_Ceta_0_2015,3739.0,3941.0,mutant
A2_MHV_AxA_0006_Ceta_1323_2399,115.0,115.0,mutant
A2_MHV_AxA_0006_Ceta_2628_3738,386.0,521.0,mutant
A2_MHV_AxA_0006_Ceta_2779_1237,14265.0,14265.0,mutant
A2_MHV_AxA_0006_Ceta_3016_2940,4073.0,4272.0,mutant
A2_MHV_AxA_0006_Ceta_3148_443,224.0,1846.0,mutant
A2_MHV_AxA_0006_Ceta_959_2894,389.0,389.0,mutant
A2_MHV_AxA_0007_Ceta_1182_1958,2662.0,2853.0,mutant
A2_MHV_AxA_0007_Ceta_1875_3535,1369.0,1369.0,mutant
A2_MHV_AxA_0007_Ceta_2592_614,44540.0,5455.0,mutant
A2_MHV_AxA_0007_Ceta_2643_1898,0.0,175.0,mutant
A2_MHV_AxA_0007_Ceta_3083_3702,3635.0,3732.0,mutant
A2_MHV_AxA_0008_Ceta_0_2121,7321.0,8507.0,mutant
A2_MHV_AxA_0008_Ceta_2117_2394,5905.0,5905.0,mutant
A2_MHV_AxA_0008_Ceta_2870_1798,2476.0,2940.0,mutant
A2_MHV_AxA_0008_Ceta_3447_2667,977.0,977.0,mutant
A2_MHV_AxA_0008_Ceta_879_2414,625.0,625.0,mutant
A2_MHV_AxA_0009_Ceta_1925_3506,20523.0,17585.0,mutant
A2_MHV_AxA_0009_Ceta_2031_1237,2515.0,3449.0,mutant
A2_MHV_AxA_0009_Ceta_2345_2743,0.0,0.0,mutant
A2_MHV_AxA_0009_Ceta_2375_1505,0.0,118.0,mutant
A2_MHV_AxA_0009_Ceta_2810_1444,3087.0,4564.0,mutant
A2_MHV_AxA_0009_Ceta_616_1525,0.0,30839.0,mutant
A2_MHV_AxA_0009_Ceta_864_959,603.0,728.0,mutant
A2_MHV_AxA_0010_Ceta_1167_231,24517.0,0.0,mutant
A2_MHV_AxA_0010_Ceta_1627_2035,237158.0,186780.0,mutant
A2_MHV_AxA_0010_Ceta_2365_2106,3150.0,3150.0,mutant
A2_MHV_AxA_0010_Ceta_2365_3552,0.0,4507.0,mutant
A2_MHV_AxA_0010_Ceta_389_2510,1672.0,2037.0,mutant
A2_MHV_AxA_0010_Ceta_656_2121,3535.0,3974.0,mutant
A2_MHV_AxA_0011_Ceta_3270_2642,5730.0,5320.0,mutant
A2_MHV_AxA_0011_Ceta_3270_3051,4969.0,4863.0,mutant
A2_MHV_AxA_0011_Ceta_480_2061,836.0,836.0,mutant
A2_MHV_AxA_0012_Ceta_313_1808,2372.0,2430.0,mutant
A2_MHV_AxA_0012_Ceta_687_2637,1763.0,1763.0,mutant
A2_MHV_AxA_0013_Ceta_202_2940,2070.0,2070.0,mutant
A2_MHV_AxA_0013_Ceta_3047_3627,302.0,415.0,mutant
A2_MHV_AxA_0013_Ceta_348_721,3080.0,3080.0,mutant
A2_MHV_AxA_0014_Ceta_1748_822,81467.0,81545.0,mutant
A2_MHV_AxA_0014_Ceta_2031_2429,2774.0,2866.0,mutant
A2_MHV_AxA_0014_Ceta_3391_2349,8480.0,6499.0,mutant
A2_MHV_AxA_0014_Ceta_3406_3203,0.0,0.0,mutant
A2_MHV_AxA_0014_Ceta_9_2303,0.0,165.0,mutant
A2_MHV_AxA_0015_Ceta_1223_1959,2531.0,3702.0,mutant
A2_MHV_AxA_0015_Ceta_1693_3188,49964.0,19871.0,mutant
A2_MHV_AxA_0015_Ceta_237_2611,2966.0,3453.0,mutant
A2_MHV_AxA_0016_Ceta_1506_352,1153.0,1153.0,mutant
A2_MHV_AxA_0016_Ceta_2845_2869,7601.0,7601.0,mutant
A2_MHV_AxA_0016_Ceta_3300_3632,4458.0,4560.0,mutant
A2_MHV_AxA_0016_Ceta_874_2091,0.0,21.0,mutant
A2_MHV_AxA_0017_Ceta_2375_1631,1115.0,1362.0,mutant
A2_MHV_AxA_0017_Ceta_2527_3501,3809.0,3809.0,mutant
A2_MHV_AxA_0017_Ceta_3022_3056,1309.0,1309.0,mutant
A2_MHV_AxA_0017_Ceta_308_1469,271.0,271.0,mutant
A2_MHV_AxA_0017_Ceta_343_923,2090.0,2090.0,mutant
A2_MHV_AxA_0018_Ceta_2198_3405,11201.0,10960.0,mutant
A2_MHV_AxA_0018_Ceta_247_620,1765.0,1765.0,mutant
A2_MHV_AxA_0018_Ceta_414_2091,0.0,0.0,mutant
A2_MHV_AxA_0019_Ceta_0_2298,6894.0,6894.0,mutant
A2_MHV_AxA_0019_Ceta_0_372,104977.0,104985.0,mutant
A2_MHV_AxA_0019_Ceta_0_787,110893.0,81078.0,mutant
A2_MHV_AxA_0019_Ceta_1308_2505,111.0,111.0,mutant
A2_MHV_AxA_0019_Ceta_1607_1333,674.0,672.0,mutant
A2_MHV_AxA_0019_Ceta_2127_3643,0.0,0.0,mutant
A2_MHV_AxA_0019_Ceta_2956_1156,9372.0,9372.0,mutant
A2_MHV_AxA_0019_Ceta_3371_3653,1285.0,18532.0,mutant
A2_MHV_AxA_0019_Ceta_358_2359,4584.0,4811.0,mutant
A2_MHV_AxA_0020_Ceta_1586_782,2854.0,2854.0,mutant
A2_MHV_AxA_0020_Ceta_1849_3228,719.0,719.0,mutant
A2_MHV_AxA_0020_Ceta_252_1060,8155.0,8155.0,mutant
A2_MHV_AxA_0020_Ceta_303_433,1930.0,1930.0,mutant
A2_MHV_AxA_0020_Ceta_434_1818,31160.0,31160.0,mutant
A2_MHV_AxA_0020_Ceta_793_191,23769.0,1123.0,mutant
A2_MHV_AxA_0020_Ceta_813_3294,5034.0,5096.0,mutant
A2_MHV_AxA_0021_Ceta_141_2536,0.0,2410.0,mutant
A2_MHV_AxA_0021_Ceta_2087_954,0.0,0.0,mutant
A2_MHV_AxA_0021_Ceta_2218_595,1839.0,1839.0,mutant
A2_MHV_AxA_0022_Ceta_0_3415,310.0,1738.0,mutant
A2_MHV_AxA_0022_Ceta_1738_1343,2234.0,2234.0,mutant
A2_MHV_AxA_0022_Ceta_2077_858,0.0,262.0,mutant
A2_MHV_AxA_0022_Ceta_3259_1318,0.0,17493.0,mutant
A2_MHV_AxA_0023_Ceta_161_2546,1032.0,1032.0,mutant
A2_MHV_AxA_0023_Ceta_2087_3072,1231.0,1231.0,mutant
A2_MHV_AxA_0023_Ceta_2522_2445,102.0,102.0,mutant
A2_MHV_AxA_0024_Ceta_0_1793,0.0,0.0,mutant
A2_MHV_AxA_0024_Ceta_1182_3496,992.0,992.0,mutant
A2_MHV_AxA_0024_Ceta_1526_2804,3782.0,4718.0,mutant
A2_MHV_AxA_0024_Ceta_1804_757,813.0,813.0,mutant
A2_MHV_AxA_0024_Ceta_2997_1070,0.0,0.0,mutant
A2_MHV_AxA_0024_Ceta_565_1500,0.0,0.0,mutant
A2_MHV_AxA_0025_Ceta_1041_1257,1767.0,1934.0,mutant
A2_MHV_AxA_0025_Ceta_1081_246,0.0,0.0,mutant
A2_MHV_AxA_0025_Ceta_2643_3663,0.0,0.0,mutant
A2_MHV_AxA_0025_Ceta_2850_463,987.0,987.0,mutant
A2_MHV_AxA_0025_Ceta_409_1697,0.0,0.0,mutant
A2_MHV_AxA_0025_Ceta_449_2935,1321.0,1321.0,mutant
A2_MHV_AxA_0025_Ceta_540_792,4079.0,3727.0,mutant
A2_MHV_AxA_0025_Ceta_818_1914,4879.0,4879.0,mutant
A2_MHV_AxA_0026_Ceta_0_2111,3640.0,3640.0,mutant
A2_MHV_AxA_0026_Ceta_1662_1323,0.0,0.0,mutant
A2_MHV_AxA_0026_Ceta_1945_822,0.0,0.0,mutant
A2_MHV_AxA_0026_Ceta_515_565,0.0,0.0,mutant
A2_MHV_AxA_0027_Ceta_0_2843,4135.0,4135.0,mutant
A2_MHV_AxA_0027_Ceta_1440_1797,1334.0,1450.0,mutant
A2_MHV_AxA_0028_Ceta_1081_3333,55.0,55.0,mutant
A2_MHV_AxA_0028_Ceta_151_3556,539.0,539.0,mutant
A2_MHV_AxA_0028_Ceta_1576_1564,0.0,0.0,mutant
A2_MHV_AxA_0028_Ceta_2597_1519,3387.0,3387.0,mutant
A2_MHV_AxA_0029_Ceta_1895_685,3068.0,2746.0,mutant
A2_MHV_AxA_0029_Ceta_2567_1499,1417.0,1577.0,mutant
A2_MHV_AxA_0029_Ceta_2830_624,2376.0,2376.0,mutant
A2_MHV_AxA_0029_Ceta_909_3161,0.0,0.0,mutant
A2_MHV_AxA_0030_Ceta_110_3313,0.0,0.0,mutant
A2_MHV_AxA_0030_Ceta_1844_841,18168.0,18168.0,mutant
A2_MHV_AxA_0030_Ceta_237_2247,281.0,281.0,mutant
A2_MHV_AxA_0030_Ceta_2542_225,22000.0,22000.0,mutant
A2_MHV_AxA_0030_Ceta_2698_3758,0.0,0.0,mutant
A2_MHV_AxA_0030_Ceta_3386_1736,0.0,0.0,mutant
A2_MHV_AxA_0030_Ceta_479_836,3297.0,3297.0,mutant
A2_MHV_AxA_0031_Ceta_1450_270,0.0,0.0,mutant
A2_MHV_AxA_0031_Ceta_2046_3343,0.0,0.0,mutant
A2_MHV_AxA_0031_Ceta_2653_1832,3446.0,3446.0,mutant
A2_MHV_AxA_0031_Ceta_540_978,0.0,0.0,mutant
A2_MHV_AxA_0031_Ceta_570_2277,0.0,52.0,mutant
A2_MHV_AxA_0032_Ceta_1147_1023,5017.0,5799.0,mutant
A2_MHV_AxA_0032_Ceta_1425_2671,0.0,0.0,mutant
A2_MHV_AxA_0032_Ceta_1794_2525,12974.0,5809.0,mutant
A2_MHV_AxA_0032_Ceta_2036_3025,1274.0,1356.0,mutant
A2_MHV_AxA_0032_Ceta_2142_1286,0.0,0.0,mutant
A2_MHV_AxA_0033_Ceta_1212_1812,0.0,59.0,mutant
A2_MHV_AxA_0033_Ceta_2410_1524,1320.0,1320.0,mutant
A2_MHV_AxA_0033_Ceta_2830_1600,61632.0,61467.0,mutant
A2_MHV_AxA_0033_Ceta_424_2828,2332.0,2332.0,mutant
A2_MHV_AxA_0033_Ceta_479_1878,77.0,77.0,mutant
A2_MHV_AxA_0034_Ceta_1399_3126,2769.0,2769.0,mutant
A2_MHV_AxA_0034_Ceta_2936_1731,481.0,557.0,mutant
A2_MHV_AxA_0035_Ceta_0_730,3616.0,3759.0,mutant
A2_MHV_AxA_0035_Ceta_262_3338,2029.0,2252.0,mutant
A2_MHV_AxA_0035_Ceta_3477_1923,0.0,0.0,mutant
A2_MHV_AxA_0035_Ceta_692_3419,62429.0,62775.0,mutant
A2_MHV_AxA_0036_Ceta_1536_3030,156.0,156.0,mutant
A2_MHV_AxA_0036_Ceta_1601_867,0.0,94.0,mutant
A2_MHV_AxA_0036_Ceta_3461_1964,3469.0,3469.0,mutant
A2_MHV_AxA_0037_Ceta_2031_2722,0.0,102.0,mutant
A2_MHV_AxA_0037_Ceta_3077_3257,100.0,100.0,mutant
A2_MHV_AxA_0038_Ceta_1268_1716,4184.0,4184.0,mutant
A2_MHV_AxA_0039_Ceta_1687_2459,10532.0,10529.0,mutant
A2_MHV_AxA_0039_Ceta_2809_1175,1728.0,10434.0,mutant
A2_MHV_AxA_0039_Ceta_641_3591,3918.0,3946.0,mutant
A2_MHV_AxA_0040_Ceta_1667_508,0.0,110.0,mutant
A2_MHV_AxA_0040_Ceta_196_2307,2417.0,2509.0,mutant
A2_MHV_AxA_0040_Ceta_2446_1933,39708.0,24092.0,mutant
A2_MHV_AxA_0040_Ceta_3330_2439,0.0,100.0,mutant
A2_MHV_AxA_0040_Ceta_343_3252,0.0,0.0,mutant
A2_MHV_AxA_0041_Ceta_2238_3788,884.0,884.0,mutant
A2_MHV_AxA_0041_Ceta_2274_1468,2201.0,2201.0,mutant
A2_MHV_AxA_0041_Ceta_2339_3050,0.0,0.0,mutant
A2_MHV_AxA_0041_Ceta_2673_1817,6889.0,0.0,mutant
A2_MHV_AxA_0041_Ceta_2708_1488,420.0,420.0,mutant
A2_MHV_AxA_0041_Ceta_3098_2302,0.0,0.0,mutant
A2_MHV_AxA_0041_Ceta_3269_2636,118869.0,32548.0,mutant
A2_MHV_AxA_0041_Ceta_3477_2307,3109.0,0.0,mutant
A2_MHV_AxA_0042_Ceta_2077_1104,0.0,59.0,mutant
A2_MHV_AxA_0042_Ceta_3330_3495,1060.0,1499.0,mutant
A2_MHV_AxA_0042_Ceta_869_447,1461.0,1461.0,mutant
A2_MHV_AxA_0043_Ceta_2001_3616,8314.0,8558.0,mutant
A2_MHV_AxA_0043_Ceta_3381_1680,1486.0,1486.0,mutant
A2_MHV_AxA_0043_Ceta_444_351,4875.0,4875.0,mutant
A2_MHV_AxA_0044_Ceta_0_3722,2390.0,2390.0,mutant
A2_MHV_AxA_0044_Ceta_115_2373,732.0,732.0,mutant
A2_MHV_AxA_0044_Ceta_1440_1236,139258.0,101513.0,mutant
A2_MHV_AxA_0044_Ceta_1485_826,93500.0,96144.0,mutant
A2_MHV_AxA_0044_Ceta_171_1792,6861.0,6861.0,mutant
A2_MHV_AxA_0044_Ceta_3234_447,136751.0,85170.0,mutant
A2_MHV_AxA_0044_Ceta_3340_134,117837.0,118021.0,mutant
A2_MHV_AxA_0044_Ceta_3350_3561,0.0,0.0,mutant
A2_MHV_AxA_0045_Ceta_1071_3106,3450.0,5284.0,mutant
A2_MHV_AxA_0045_Ceta_1632_3707,83.0,1246.0,mutant
A2_MHV_AxA_0045_Ceta_3093_1943,180.0,180.0,mutant
A2_MHV_AxA_0045_Ceta_575_1185,818.0,818.0,mutant
A2_MHV_AxA_0046_Ceta_1293_1458,719.0,584.0,mutant
A2_MHV_AxA_0046_Ceta_1364_2454,1679.0,1679.0,mutant
A2_MHV_AxA_0046_Ceta_1713_1721,2600.0,2600.0,mutant
A2_MHV_AxA_0046_Ceta_211_1913,119614.0,103667.0,mutant
A2_MHV_AxA_0046_Ceta_2466_3642,903.0,1048.0,mutant
A2_MHV_AxA_0046_Ceta_2633_139,79288.0,22392.0,mutant
A2_MHV_AxA_0046_Ceta_2703_963,747.0,886.0,mutant
A2_MHV_AxA_0046_Ceta_3345_2297,1815.0,1815.0,mutant
A2_MHV_AxA_0046_Ceta_550_1711,36342.0,0.0,mutant
A2_MHV_AxA_0046_Ceta_919_1979,1176.0,1176.0,mutant
A2_MHV_AxA_0047_Ceta_110_1691,2766.0,2766.0,mutant
A2_MHV_AxA_0047_Ceta_1268_452,1558.0,1558.0,mutant
A2_MHV_AxA_0047_Ceta_166_2358,77771.0,22782.0,mutant
A2_MHV_AxA_0047_Ceta_2446_1812,550.0,550.0,mutant
A2_MHV_AxA_0047_Ceta_2789_604,0.0,194.0,mutant
A2_MHV_AxA_0047_Ceta_2936_2813,1390.0,1548.0,mutant
A2_MHV_AxA_0047_Ceta_429_1155,569.0,569.0,mutant
A2_MHV_AxA_0047_Ceta_510_2514,126626.0,126626.0,mutant
A2_MHV_AxA_0047_Ceta_636_3480,0.0,0.0,mutant
A2_MHV_AxA_0048_Ceta_1182_2039,89577.0,90704.0,mutant
A2_MHV_AxA_0048_Ceta_1303_407,0.0,3394.0,mutant
A2_MHV_AxA_0048_Ceta_1318_2914,61680.0,30987.0,mutant
A2_MHV_AxA_0048_Ceta_1495_3444,123021.0,77827.0,mutant
A2_MHV_AxA_0048_Ceta_1556_3111,213268.0,112624.0,mutant
A2_MHV_AxA_0048_Ceta_1723_988,2435.0,3467.0,mutant
A2_MHV_AxA_0048_Ceta_2360_1392,5741.0,5848.0,mutant
A2_MHV_AxA_0048_Ceta_2476_796,258.0,258.0,mutant
A2_MHV_AxA_0048_Ceta_3345_3530,974.0,974.0,mutant
A2_MHV_AxA_0049_Ceta_1238_1716,0.0,0.0,mutant
A2_MHV_AxA_0049_Ceta_1723_3389,8243.0,8401.0,mutant
A2_MHV_AxA_0049_Ceta_1874_417,0.0,0.0,mutant
A2_MHV_AxA_0049_Ceta_2759_2247,268.0,4143.0,mutant
A2_MHV_AxA_0049_Ceta_2764_3091,1912.0,1912.0,mutant
A2_MHV_AxA_0049_Ceta_454_2120,1549.0,1549.0,mutant
A2_MHV_AxA_0051_Ceta_0_1504,1479.0,1479.0,mutant
A2_MHV_AxA_0051_Ceta_1268_3141,6232.0,7360.0,mutant
A2_MHV_AxA_0051_Ceta_1970_862,128234.0,120586.0,mutant
A2_MHV_AxA_0051_Ceta_2415_1271,431.0,0.0,mutant
A2_MHV_AxA_0051_Ceta_3300_2509,179131.0,124554.0,mutant
A2_MHV_AxA_0052_Ceta_1000_2701,2041.0,2231.0,mutant
A2_MHV_AxA_0052_Ceta_1900_1448,1087.0,1087.0,mutant
A2_MHV_AxA_0052_Ceta_3183_1251,446.0,446.0,mutant
A2_MHV_AxA_0052_Ceta_95_493,3797.0,4304.0,mutant
A2_MHV_AxA_0053_Ceta_1081_584,72886.0,27123.0,mutant
A2_MHV_AxA_0053_Ceta_1354_725,14213.0,11167.0,mutant
A2_MHV_AxA_0053_Ceta_2097_3561,960.0,0.0,mutant
A2_MHV_AxA_0053_Ceta_2102_230,0.0,0.0,mutant
A2_MHV_AxA_0053_Ceta_2405_3096,56553.0,26581.0,mutant
A2_MHV_AxA_0053_Ceta_2481_3480,6881.0,360.0,mutant
A2_MHV_AxA_0053_Ceta_2931_1402,0.0,0.0,mutant
A2_MHV_AxA_0054_Ceta_1854_3450,3983.0,3983.0,mutant
A2_MHV_AxA_0054_Ceta_2451_240,1388.0,1388.0,mutant
A2_MHV_AxA_0054_Ceta_550_3156,5557.0,12655.0,mutant
A2_MHV_AxA_0054_Ceta_742_1817,3426.0,3426.0,mutant
A2_MHV_AxA_0055_Ceta_1344_1827,0.0,0.0,mutant
A2_MHV_AxA_0055_Ceta_1874_3010,715.0,215.0,mutant
A2_MHV_AxA_0055_Ceta_2582_3369,72385.0,20102.0,mutant
A2_MHV_AxA_0055_Ceta_2612_2605,1739.0,1739.0,mutant
A2_MHV_AxA_0055_Ceta_3012_3541,0.0,0.0,mutant
A2_MHV_AxA_0055_Ceta_302_1372,762.0,883.0,mutant
A2_MHV_AxA_0055_Ceta_3082_2701,81186.0,81982.0,mutant
A2_MHV_AxA_0055_Ceta_869_205,10720.0,10720.0,mutant
A2_MHV_AxA_0056_Ceta_1500_3364,1336.0,1336.0,mutant
A2_MHV_AxA_0056_Ceta_1551_1822,0.0,86.0,mutant
A2_MHV_AxA_0056_Ceta_1859_3060,1513.0,1513.0,mutant
A2_MHV_AxA_0056_Ceta_2380_3404,1160.0,1160.0,mutant
A2_MHV_AxA_0056_Ceta_3264_922,3407.0,3407.0,mutant
A2_MHV_AxA_0056_Ceta_778_892,2713.0,2921.0,mutant
A2_MHV_AxA_0057_Ceta_1697_2267,4392.0,4392.0,mutant
A2_MHV_AxA_0057_Ceta_217_523,613.0,734.0,mutant
A2_MHV_AxA_0057_Ceta_2658_3212,11101.0,11943.0,mutant
A2_MHV_AxA_0057_Ceta_3391_2282,0.0,0.0,mutant
A2_MHV_AxA_0057_Ceta_939_3040,1365.0,1519.0,mutant
A2_MHV_AxA_0058_Ceta_0_1716,0.0,0.0,mutant
A2_MHV_AxA_0058_Ceta_1829_159,159443.0,81297.0,mutant
A2_MHV_AxA_0058_Ceta_3052_1190,0.0,0.0,mutant
A2_MHV_AxA_0058_Ceta_3477_1554,0.0,118.0,mutant
A2_MHV_AxA_0058_Ceta_939_3177,0.0,0.0,mutant
A2_MHV_AxA_0059_Ceta_1682_2211,1987.0,1987.0,mutant
A2_MHV_AxA_0059_Ceta_2971_750,0.0,0.0,mutant
A2_MHV_AxA_0059_Ceta_3118_1761,1037.0,1037.0,mutant
A2_MHV_AxA_0060_Ceta_126_3702,868.0,2292.0,mutant
A2_MHV_AxA_0060_Ceta_1273_2312,313.0,313.0,mutant
A2_MHV_AxA_0060_Ceta_1364_1857,0.0,0.0,mutant
A2_MHV_AxA_0060_Ceta_1505_2570,40052.0,13267.0,mutant
A2_MHV_AxA_0060_Ceta_1505_599,1986.0,5155.0,mutant
A2_MHV_AxA_0060_Ceta_1844_2686,139632.0,38747.0,mutant
A2_MHV_AxA_0060_Ceta_1950_2322,77530.0,50437.0,mutant
A2_MHV_AxA_0060_Ceta_2082_205,4830.0,4830.0,mutant
A2_MHV_AxA_0060_Ceta_2279_2171,80974.0,437.0,mutant
A2_MHV_AxA_0060_Ceta_2506_1312,4548.0,4833.0,mutant
A2_MHV_AxA_0060_Ceta_838_1423,0.0,0.0,mutant
A2_MHV_AxA_0061_Ceta_1460_2343,163.0,317.0,mutant
A2_MHV_AxA_0061_Ceta_3007_371,0.0,306.0,mutant
A2_MHV_AxA_0061_Ceta_388_902,5719.0,5828.0,mutant
A2_MHV_AxA_0061_Ceta_85_3429,5072.0,5072.0,mutant
A2_MHV_AxA_0062_Ceta_1217_2641,10210.0,10210.0,mutant
A2_MHV_AxA_0062_Ceta_1505_3141,101.0,222.0,mutant
A2_MHV_AxA_0062_Ceta_2360_417,1262.0,787.0,mutant
A2_MHV_AxA_0062_Ceta_3204_2242,5736.0,5736.0,mutant
A2_MHV_AxA_0062_Ceta_3204_3025,1121.0,1121.0,mutant
A2_MHV_AxA_0062_Ceta_35_2494,0.0,0.0,mutant
A2_MHV_AxA_0062_Ceta_737_1165,2190.0,3479.0,mutant
A2_MHV_AxA_0063_Ceta_0_1712,2073.0,2073.0,mutant
A2_MHV_AxA_0063_Ceta_1195_2041,0.0,0.0,mutant
A2_MHV_AxA_0063_Ceta_2114_2132,4212.0,4310.0,mutant
A2_MHV_AxA_0063_Ceta_2531_1658,947.0,1132.0,mutant
A2_MHV_AxA_0063_Ceta_3072_3096,97.0,97.0,mutant
A2_MHV_AxA_0063_Ceta_3431_2995,96.0,96.0,mutant
A2_MHV_AxA_0064_Ceta_1309_2406,125584.0,125584.0,mutant
A2_MHV_AxA_0064_Ceta_1542_2245,36672.0,38322.0,mutant
A2_MHV_AxA_0064_Ceta_186_3696,105907.0,105907.0,mutant
A2_MHV_AxA_0064_Ceta_2159_2034,16617.0,2410.0,mutant
A2_MHV_AxA_0064_Ceta_2532_343,42204.0,42204.0,mutant
A2_MHV_AxA_0065_Ceta_1270_577,0.0,0.0,mutant
A2_MHV_AxA_0065_Ceta_258_3507,2343.0,2343.0,mutant
A2_MHV_AxA_0065_Ceta_3010_3157,483.0,483.0,mutant
A2_MHV_AxA_0065_Ceta_58_332,6595.0,8715.0,mutant
A2_MHV_AxA_0065_Ceta_625_3140,0.0,0.0,mutant
A2_MHV_AxA_0066_Ceta_241_2423,0.0,0.0,mutant
A2_MHV_AxA_0066_Ceta_263_1311,0.0,93.0,mutant
A2_MHV_AxA_0066_Ceta_2971_382,2030.0,2030.0,mutant
A2_MHV_AxA_0066_Ceta_3427_2423,2353.0,2353.0,mutant
A2_MHV_AxA_0067_Ceta_0_772,3587.0,3587.0,mutant
A2_MHV_AxA_0067_Ceta_2254_505,0.0,0.0,mutant
A2_MHV_AxA_0067_Ceta_2293_827,234186.0,154918.0,mutant
A2_MHV_AxA_0067_Ceta_2487_1144,50105.0,8434.0,mutant
A2_MHV_AxA_0067_Ceta_2576_321,67424.0,18327.0,mutant
A2_MHV_AxA_0067_Ceta_2693_710,59369.0,0.0,mutant
A2_MHV_AxA_0067_Ceta_3027_905,222951.0,99467.0,mutant
A2_MHV_AxA_0067_Ceta_3054_460,136.0,0.0,mutant
A2_MHV_AxA_0067_Ceta_502_1022,10722.0,19055.0,mutant
A2_MHV_AxA_0068_Ceta_1047_1950,0.0,0.0,mutant
A2_MHV_AxA_0068_Ceta_1147_3351,2934.0,2934.0,mutant
A2_MHV_AxA_0068_Ceta_152_805,53423.0,36422.0,mutant
A2_MHV_AxA_0068_Ceta_2721_2434,1005.0,1211.0,mutant
A2_MHV_AxA_0068_Ceta_525_721,0.0,0.0,mutant
A2_MHV_AxA_0069_Ceta_2899_2751,0.0,0.0,mutant
A2_MHV_AxA_0069_Ceta_3338_2606,4021.0,5390.0,mutant
A2_MHV_AxA_0069_Ceta_447_1572,1580.0,2140.0,mutant
A2_MHV_AxA_0069_Ceta_614_3212,9688.0,9798.0,mutant
A2_MHV_AxA_0070_Ceta_2498_1761,11170.0,13036.0,mutant
A2_MHV_AxA_0070_Ceta_274_610,8863.0,8863.0,mutant
A2_MHV_AxA_0070_Ceta_3410_3246,78.0,78.0,mutant
A2_MHV_AxA_0070_Ceta_436_3196,1169.0,1393.0,mutant
A2_MHV_AxA_0070_Ceta_47_3040,9410.0,14718.0,mutant
A2_MHV_AxA_0071_Ceta_0_3579,967.0,967.0,mutant
A2_MHV_AxA_0071_Ceta_1414_760,2226.0,2226.0,mutant
A2_MHV_AxA_0071_Ceta_2037_3129,2260.0,2391.0,mutant
A2_MHV_AxA_0071_Ceta_3377_2812,7126.0,7722.0,mutant
A2_MHV_AxA_0071_Ceta_792_2128,0.0,0.0,mutant
A2_MHV_AxA_0072_Ceta_1264_277,2309.0,2309.0,mutant
A2_MHV_AxA_0072_Ceta_1876_2812,2094.0,2094.0,mutant
A2_MHV_AxA_0072_Ceta_2726_1650,0.0,0.0,mutant
A2_MHV_AxA_0072_Ceta_2971_3624,198.0,198.0,mutant
A2_MHV_AxA_0072_Ceta_419_1689,63505.0,23009.0,mutant
A2_MHV_AxA_0072_Ceta_730_1811,147293.0,86792.0,mutant
A2_MHV_AxA_0072_Ceta_836_2356,131.0,131.0,mutant
A2_MHV_AxA_0073_Ceta_1236_3185,446.0,446.0,mutant
A2_MHV_AxA_0073_Ceta_1626_1544,1418.0,9648.0,mutant
A2_MHV_AxA_0073_Ceta_2676_2145,4393.0,4393.0,mutant
A2_MHV_AxA_0073_Ceta_3243_3557,4845.0,4822.0,mutant
A2_MHV_AxA_0073_Ceta_336_933,0.0,0.0,mutant
A2_MHV_AxA_0073_Ceta_725_293,0.0,0.0,mutant
A2_MHV_AxA_0074_Ceta_0_293,0.0,104.0,mutant
A2_MHV_AxA_0074_Ceta_1031_1194,120193.0,120356.0,mutant
A2_MHV_AxA_0074_Ceta_1247_1739,72915.0,111512.0,mutant
A2_MHV_AxA_0074_Ceta_2332_2545,121.0,121.0,mutant
A2_MHV_AxA_0074_Ceta_2365_3379,0.0,0.0,mutant
A2_MHV_AxA_0074_Ceta_3488_521,139.0,139.0,mutant
A2_MHV_AxA_0075_Ceta_1103_716,3344.0,3344.0,mutant
A2_MHV_AxA_0075_Ceta_1587_1578,13775.0,4841.0,mutant
A2_MHV_AxA_0075_Ceta_2782_616,9872.0,9872.0,mutant
A2_MHV_AxA_0075_Ceta_2810_1505,73445.0,26469.0,mutant
A2_MHV_AxA_0075_Ceta_2893_182,54425.0,1917.0,mutant
A2_MHV_AxA_0075_Ceta_3149_1789,12353.0,12353.0,mutant
A2_MHV_AxA_0076_Ceta_1542_1144,5811.0,5811.0,mutant
A2_MHV_AxA_0076_Ceta_1854_2111,0.0,0.0,mutant
A2_MHV_AxA_0076_Ceta_2921_3029,39764.0,14400.0,mutant
A2_MHV_AxA_0076_Ceta_3166_3590,109136.0,75019.0,mutant
A2_MHV_AxA_0076_Ceta_3294_1522,334.0,463.0,mutant
A2_MHV_AxA_0076_Ceta_603_2362,10809.0,10984.0,mutant
A2_MHV_AxA_0076_Ceta_647_3240,72974.0,27166.0,mutant
A2_MHV_AxA_0076_Ceta_697_688,0.0,0.0,mutant
A2_MHV_AxA_0076_Ceta_719_1945,60760.0,57356.0,mutant
A2_MHV_AxA_0076_Ceta_953_405,0.0,0.0,mutant
A2_MHV_AxA_0076_Ceta_958_3524,12987.0,12987.0,mutant
A2_MHV_AxA_0077_Ceta_0_3407,104.0,104.0,mutant
A2_MHV_AxA_0077_Ceta_1108_221,2568.0,3073.0,mutant
A2_MHV_AxA_0077_Ceta_2254_2918,3345.0,5002.0,mutant
A2_MHV_AxA_0077_Ceta_2437_2195,0.0,0.0,mutant
A2_MHV_AxA_0077_Ceta_2849_1244,0.0,0.0,mutant
A2_MHV_AxA_0077_Ceta_464_2768,0.0,0.0,mutant
A2_MHV_AxA_0078_Ceta_1753_3568,12041.0,12041.0,mutant
A2_MHV_AxA_0078_Ceta_2259_1856,1941.0,1941.0,mutant
A2_MHV_AxA_0078_Ceta_2282_316,1352.0,1441.0,mutant
A2_MHV_AxA_0078_Ceta_2827_494,6704.0,6797.0,mutant
A2_MHV_AxA_0078_Ceta_597_1455,343.0,472.0,mutant
A2_MHV_AxA_0079_Ceta_1292_899,1574.0,1574.0,mutant
A2_MHV_AxA_0079_Ceta_2348_1928,300.0,716.0,mutant
A2_MHV_AxA_0079_Ceta_286_3107,13437.0,13639.0,mutant
A2_MHV_AxA_0079_Ceta_2871_2273,0.0,467.0,mutant
A2_MHV_AxA_0079_Ceta_413_2679,265.0,768.0,mutant
A2_MHV_AxA_0080_Ceta_119_2084,3191.0,3191.0,mutant
A2_MHV_AxA_0080_Ceta_3127_3279,932.0,1035.0,mutant
A2_MHV_AxA_0080_Ceta_792_1177,7583.0,7625.0,mutant
A2_MHV_AxA_0081_Ceta_0_700,843.0,843.0,mutant
A2_MHV_AxA_0081_Ceta_191_1222,12899.0,13191.0,mutant
A2_MHV_AxA_0081_Ceta_2092_2357,1078.0,1078.0,mutant
A2_MHV_AxA_0081_Ceta_2181_811,0.0,0.0,mutant
A2_MHV_AxA_0081_Ceta_224_2512,0.0,0.0,mutant
A2_MHV_AxA_0081_Ceta_2693_2090,88.0,88.0,mutant
A2_MHV_AxA_0081_Ceta_3332_2596,1525.0,1639.0,mutant
A2_MHV_AxA_0081_Ceta_341_817,90179.0,16980.0,mutant
A2_MHV_AxA_0081_Ceta_647_2051,121223.0,73828.0,mutant
A2_MHV_AxA_0082_Ceta_1258_2713,0.0,0.0,mutant
A2_MHV_AxA_0082_Ceta_157_2351,3184.0,3281.0,mutant
A2_MHV_AxA_0082_Ceta_163_700,6699.0,6699.0,mutant
A2_MHV_AxA_0082_Ceta_1825_2001,0.0,0.0,mutant
A2_MHV_AxA_0082_Ceta_3176_566,178763.0,65249.0,mutant
A2_MHV_AxA_0082_Ceta_3299_2585,950.0,950.0,mutant
A2_MHV_AxA_0082_Ceta_591_2562,2360.0,2360.0,mutant
A2_MHV_AxA_0083_Ceta_1119_3363,945.0,945.0,mutant
A2_MHV_AxA_0083_Ceta_1570_1589,1288.0,1288.0,mutant
A2_MHV_AxA_0084_Ceta_1047_1790,0.0,0.0,mutant
A2_MHV_AxA_0084_Ceta_1681_850,285413.0,265428.0,mutant
A2_MHV_AxA_0084_Ceta_1759_1462,4117.0,4107.0,mutant
A2_MHV_AxA_0084_Ceta_2470_3608,1406.0,1406.0,mutant
A2_MHV_AxA_0084_Ceta_3004_1250,0.0,1775.0,mutant
A2_MHV_AxA_0084_Ceta_702_2701,0.0,0.0,mutant
A2_MHV_AxA_0085_Ceta_0_1145,0.0,0.0,mutant
A2_MHV_AxA_0085_Ceta_1241_3163,1894.0,1894.0,mutant
A2_MHV_AxA_0085_Ceta_3160_166,58471.0,4415.0,mutant
A2_MHV_AxA_0085_Ceta_3393_2952,118987.0,119142.0,mutant
A2_MHV_AxA_0085_Ceta_441_3480,0.0,801.0,mutant
A2_MHV_AxA_0085_Ceta_591_3146,4952.0,5808.0,mutant
A2_MHV_AxA_0086_Ceta_1814_3630,31655.0,31861.0,mutant
A2_MHV_AxA_0086_Ceta_2637_2718,1870.0,1870.0,mutant
A2_MHV_AxA_0086_Ceta_458_294,3499.0,3499.0,mutant
A2_MHV_AxA_0087_Ceta_1180_3046,96403.0,98223.0,mutant
A2_MHV_AxA_0087_Ceta_1859_1089,769.0,769.0,mutant
A2_MHV_AxA_0087_Ceta_257_3396,2916.0,2916.0,mutant
A2_MHV_AxA_0087_Ceta_3421_3702,2743.0,2743.0,mutant
A2_MHV_AxA_0087_Ceta_41_466,826.0,826.0,mutant
A2_MHV_AxA_0087_Ceta_852_400,87.0,87.0,mutant
A2_MHV_AxA_0088_Ceta_0_1045,268913.0,101235.0,mutant
A2_MHV_AxA_0088_Ceta_1191_1267,1504.0,2472.0,mutant
A2_MHV_AxA_0088_Ceta_1681_1806,4948.0,4948.0,mutant
A2_MHV_AxA_0088_Ceta_2315_794,0.0,724.0,mutant
A2_MHV_AxA_0088_Ceta_3276_3535,4345.0,4345.0,mutant
A2_MHV_AxA_0088_Ceta_647_1156,2307.0,2307.0,mutant
A2_MHV_AxA_0088_Ceta_886_761,3392.0,3392.0,mutant
A2_MHV_AxA_0089_Ceta_113_544,0.0,0.0,mutant
A2_MHV_AxA_0089_Ceta_1403_978,1150.0,1150.0,mutant
A2_MHV_AxA_0089_Ceta_3421_2913,0.0,163.0,mutant
A2_MHV_AxA_0089_Ceta_597_3663,1288.0,1308.0,mutant
A2_MHV_AxA_0090_Ceta_1508_3641,0.0,69.0,mutant
A2_MHV_AxA_0090_Ceta_1692_2290,1167.0,2287.0,mutant
A2_MHV_AxA_0090_Ceta_1731_789,0.0,0.0,mutant
A2_MHV_AxA_0090_Ceta_2848_3385,62851.0,33600.0,mutant
A2_MHV_AxA_0090_Ceta_413_2724,790.0,790.0,mutant
A2_MHV_AxA_0091_Ceta_1197_3335,153.0,168.0,mutant
A2_MHV_AxA_0091_Ceta_1219_1278,12071.0,1894.0,mutant
A2_MHV_AxA_0091_Ceta_1831_1667,4172.0,4172.0,mutant
A2_MHV_AxA_0091_Ceta_2415_277,57422.0,57422.0,mutant
A2_MHV_AxA_0091_Ceta_2492_3235,0.0,72.0,mutant
A2_MHV_AxA_0091_Ceta_2615_3708,3768.0,3768.0,mutant
A2_MHV_AxA_0091_Ceta_335_744,2396.0,1899.0,mutant
A2_MHV_AxA_0091_Ceta_719_950,2497.0,2497.0,mutant
A2_MHV_AxA_0092_Ceta_1920_2162,1366.0,1366.0,mutant
A2_MHV_AxA_0092_Ceta_1953_3747,3157.0,3157.0,mutant
A2_MHV_AxA_0092_Ceta_3321_516,1883.0,1883.0,mutant
A2_MHV_AxA_0092_Ceta_46_3007,8686.0,8917.0,mutant
A2_MHV_AxA_0092_Ceta_947_361,1374.0,1374.0,mutant
A2_MHV_AxA_0093_Ceta_1253_1267,1917.0,1917.0,mutant
A2_MHV_AxA_0093_Ceta_1675_3052,515.0,515.0,mutant
A2_MHV_AxA_0093_Ceta_2037_238,3157.0,4127.0,mutant
A2_MHV_AxA_0093_Ceta_2342_3280,2176.0,2176.0,mutant
A2_MHV_AxA_0093_Ceta_2537_1406,4428.0,4428.0,mutant
A2_MHV_AxA_0094_Ceta_0_1272,7436.0,7860.0,mutant
A2_MHV_AxA_0094_Ceta_1447_1823,0.0,0.0,mutant
A2_MHV_AxA_0094_Ceta_3199_3363,2826.0,2826.0,mutant
A2_MHV_AxA_0094_Ceta_474_1406,8877.0,100754.0,mutant
A2_MHV_AxA_0095_Ceta_1080_3152,61918.0,62157.0,mutant
A2_MHV_AxA_0095_Ceta_1603_2824,0.0,0.0,mutant
A2_MHV_AxA_0095_Ceta_2348_1167,222.0,3280.0,mutant
A2_MHV_AxA_0095_Ceta_2754_1662,4688.0,4688.0,mutant
A2_MHV_AxA_0095_Ceta_2804_2840,0.0,0.0,mutant
A2_MHV_AxA_0096_Ceta_1948_1639,153.0,298.0,mutant
A2_MHV_AxA_0096_Ceta_196_1962,498.0,498.0,mutant
A2_MHV_AxA_0096_Ceta_3493_1234,128.0,128.0,mutant
A2_MHV_AxA_0097_Ceta_1264_1389,143532.0,95093.0,mutant
A2_MHV_AxA_0097_Ceta_1342_1039,142262.0,142262.0,mutant
A2_MHV_AxA_0097_Ceta_2259_1534,3375.0,3375.0,mutant
A2_MHV_AxA_0097_Ceta_3460_1890,505.0,505.0,mutant
A2_MHV_AxA_0097_Ceta_480_3513,0.0,5899.0,mutant
A2_MHV_AxA_0097_Ceta_546_2657,0.0,0.0,mutant
A2_MHV_AxA_0098_Ceta_1770_2446,158.0,4880.0,mutant
A2_MHV_AxA_0098_Ceta_2726_1617,813.0,813.0,mutant
A2_MHV_AxA_0098_Ceta_541_1550,3229.0,3338.0,mutant
A2_MHV_AxA_0099_Ceta_1948_3035,0.0,0.0,mutant
A2_MHV_AxA_0099_Ceta_2704_2384,0.0,0.0,mutant
A2_MHV_AxA_0099_Ceta_2893_900,6247.0,6247.0,mutant
A2_MHV_AxA_0099_Ceta_3004_1423,1526.0,1526.0,mutant
A2_MHV_AxA_0099_Ceta_458_2618,3377.0,3461.0,mutant
A2_MHV_AxA_0099_Ceta_858_3268,92688.0,78138.0,mutant
MHVWT_A70001_1418_3325,2753.0,3048.0,wildtype
MHVWT_A70001_2037_480,4765.0,4765.0,wildtype
MHVWT_A70001_3002_1457,7419.0,7411.0,wildtype
MHVWT_A70001_646_2460,2746.0,2746.0,wildtype
MHVWT_A70002_0_2828,3234.0,4134.0,wildtype
MHVWT_A70002_1055_534,3280.0,3280.0,wildtype
MHVWT_A70002_1535_396,69138.0,69138.0,wildtype
MHVWT_A70002_445_509,1633.0,2292.0,wildtype
MHVWT_A70003_1368_848,8827.0,9023.0,wildtype
MHVWT_A70003_825_3358,11907.0,11907.0,wildtype
MHVWT_A70003_926_1386,7383.0,7554.0,wildtype
MHVWT_A70004_2358_1094,1932.0,1932.0,wildtype
MHVWT_A70004_2379_1516,5611.0,5611.0,wildtype
MHVWT_A70004_859_3032,2117.0,1816.0,wildtype
MHVWT_A70005_0_3316,80807.0,80807.0,wildtype
MHVWT_A70005_2124_2247,22375.0,22375.0,wildtype
MHVWT_A70005_3269_622,4250.0,7299.0,wildtype
MHVWT_A70006_0_292,5507.0,5507.0,wildtype
MHVWT_A70006_1794_655,3076.0,3076.0,wildtype
MHVWT_A70006_2759_2201,4843.0,4843.0,wildtype
MHVWT_A70006_3052_1483,4002.0,4907.0,wildtype
MHVWT_A70006_3227_167,0.0,10934.0,wildtype
MHVWT_A70006_3394_622,6813.0,6813.0,wildtype
MHVWT_A70006_7_948,7428.0,7428.0,wildtype
MHVWT_A70007_1434_3668,512.0,512.0,wildtype
MHVWT_A70007_2442_2560,154176.0,154625.0,wildtype
MHVWT_A70007_2667_3116,135722.0,104876.0,wildtype
MHVWT_A70007_2814_1144,9363.0,9363.0,wildtype
MHVWT_A70007_3127_2982,1048.0,13943.0,wildtype
MHVWT_A70007_817_3254,34736.0,20353.0,wildtype
MHVWT_A70008_2316_3516,4392.0,4379.0,wildtype
MHVWT_A70009_1995_957,998.0,998.0,wildtype
MHVWT_A70009_616_3181,24277.0,6171.0,wildtype
MHVWT_A70009_855_2795,1896.0,1896.0,wildtype
MHVWT_A70010_1600_1605,1397.0,1397.0,wildtype
MHVWT_A70010_2119_1251,3161.0,4352.0,wildtype
MHVWT_A70010_589_1973,35444.0,20615.0,wildtype
MHVWT_A70011_189_3190,5060.0,5060.0,wildtype
MHVWT_A70011_1931_1178,17493.0,17493.0,wildtype
MHVWT_A70011_2666_387,84549.0,103734.0,wildtype
MHVWT_A70011_676_3107,2299.0,2410.0,wildtype
MHVWT_A70012_1071_819,3471.0,3724.0,wildtype
MHVWT_A70012_1710_3094,118906.0,49720.0,wildtype
MHVWT_A70012_2243_2937,8909.0,8909.0,wildtype
MHVWT_A70012_2252_2267,4625.0,4625.0,wildtype
MHVWT_A70013_2013_419,41808.0,17337.0,wildtype
MHVWT_A70013_2091_1458,61220.0,61220.0,wildtype
MHVWT_A70013_3176_217,7041.0,7041.0,wildtype
MHVWT_A70013_60_2538,2241.0,1790.0,wildtype
MHVWT_A70014_1191_1780,3390.0,3446.0,wildtype
MHVWT_A70014_869_2818,11206.0,13120.0,wildtype
MHVWT_A70015_1439_3498,7402.0,8466.0,wildtype
MHVWT_A70015_2611_1040,99996.0,99996.0,wildtype
MHVWT_A70015_671_943,6321.0,6321.0,wildtype
MHVWT_A70016_1200_1292,2715.0,2715.0,wildtype
MHVWT_A70016_1255_1807,6821.0,8608.0,wildtype
MHVWT_A70017_0_787,232.0,232.0,wildtype
MHVWT_A70017_235_3176,6230.0,9930.0,wildtype
MHVWT_A70017_2496_1835,22736.0,22736.0,wildtype
MHVWT_A70017_3180_2928,4490.0,6026.0,wildtype
MHVWT_A70018_0_2354,12078.0,12078.0,wildtype
MHVWT_A70018_1972_2340,123918.0,71238.0,wildtype
MHVWT_A70018_3029_1582,5885.0,5885.0,wildtype
MHVWT_A70019_1103_3144,7966.0,24038.0,wildtype
MHVWT_A70019_1416_295,10523.0,9597.0,wildtype
MHVWT_A70019_2004_3186,0.0,0.0,wildtype
MHVWT_A70019_2748_1587,7236.0,7236.0,wildtype
MHVWT_A70019_717_2377,13969.0,13969.0,wildtype
MHVWT_A70020_1912_851,18981.0,18981.0,wildtype
MHVWT_A70020_2528_277,1183.0,1183.0,wildtype
MHVWT_A70020_2905_3590,1486.0,1486.0,wildtype
MHVWT_A70020_966_1187,3865.0,3865.0,wildtype
MHVWT_A70021_1218_1545,25690.0,26481.0,wildtype
MHVWT_A70021_1607_1200,219005.0,41090.0,wildtype
MHVWT_A70021_3114_1083,7108.0,7234.0,wildtype
MHVWT_A70021_517_3074,53242.0,15225.0,wildtype
MHVWT_A70021_879_399,829.0,829.0,wildtype
MHVWT_A70022_2602_377,31030.0,31344.0,wildtype
MHVWT_A70022_28_2640,3719.0,3973.0,wildtype
MHVWT_A70022_3392_2006,6654.0,23253.0,wildtype
MHVWT_A70023_0_1767,5190.0,6950.0,wildtype
MHVWT_A70023_2241_1445,8960.0,8960.0,wildtype
MHVWT_A70023_2285_844,765.0,1197.0,wildtype
MHVWT_A70024_0_3685,5269.0,6984.0,wildtype
MHVWT_A70024_1012_1650,32964.0,32403.0,wildtype
MHVWT_A70025_1412_3435,68853.0,25519.0,wildtype
MHVWT_A70025_2391_3329,2053.0,2230.0,wildtype
MHVWT_A70025_2886_3502,1616.0,1616.0,wildtype
MHVWT_A70026_1157_3101,3757.0,6806.0,wildtype
MHVWT_A70026_1346_1061,5557.0,5557.0,wildtype
MHVWT_A70027_1023_2440,586.0,4290.0,wildtype
MHVWT_A70027_1390_1089,2345.0,2345.0,wildtype
MHVWT_A70027_2291_1039,2841.0,2841.0,wildtype
MHVWT_A70027_2808_1133,46650.0,29814.0,wildtype
MHVWT_A70027_684_1194,122652.0,93901.0,wildtype
MHVWT_A70027_701_477,2343.0,2343.0,wildtype
MHVWT_A70028_2080_3063,15927.0,19038.0,wildtype
MHVWT_A70028_2435_2840,9501.0,12264.0,wildtype
MHVWT_A70029_1290_2106,131168.0,126116.0,wildtype
MHVWT_A70029_1590_349,141455.0,60448.0,wildtype
MHVWT_A70029_573_722,10698.0,879.0,wildtype
MHVWT_A70030_2902_3557,572.0,572.0,wildtype
MHVWT_A70030_856_1623,88373.0,89647.0,wildtype
MHVWT_A70031_1807_2835,4608.0,4608.0,wildtype
MHVWT_A70031_3197_271,4068.0,4068.0,wildtype
MHVWT_A70031_473_3596,17499.0,17499.0,wildtype
MHVWT_A70032_0_794,7095.0,10078.0,wildtype
MHVWT_A70032_1107_3329,4544.0,5498.0,wildtype
MHVWT_A70032_206_2618,5640.0,6692.0,wildtype
MHVWT_A70033_3225_933,4510.0,4510.0,wildtype
MHVWT_A70033_873_2868,5985.0,5985.0,wildtype
MHVWT_A70033_956_861,14223.0,13360.0,wildtype
MHVWT_A70034_3381_2762,9673.0,9673.0,wildtype
MHVWT_A70035_0_1100,1819.0,1623.0,wildtype
MHVWT_A70035_1468_3702,135687.0,82936.0,wildtype
MHVWT_A70035_1529_666,3295.0,5904.0,wildtype
MHVWT_A70035_2636_3446,5887.0,5887.0,wildtype
MHVWT_A70035_534_188,40296.0,0.0,wildtype
MHVWT_A70036_145_1873,9834.0,11801.0,wildtype
MHVWT_A70036_1607_3607,27053.0,27422.0,wildtype
MHVWT_A70036_2658_544,5952.0,5952.0,wildtype
MHVWT_A70036_3386_1367,99948.0,100754.0,wildtype
MHVWT_A70037_1546_3385,114015.0,34011.0,wildtype
MHVWT_A70037_2196_772,8747.0,10434.0,wildtype
MHVWT_A70038_0_1228,3568.0,4056.0,wildtype
MHVWT_A70038_1279_3680,10190.0,10190.0,wildtype
MHVWT_A70038_400_255,5445.0,6552.0,wildtype
MHVWT_A70039_1373_3296,1289.0,4090.0,wildtype
MHVWT_A70039_2030_1656,11578.0,11705.0,wildtype
MHVWT_A70040_189_1261,4182.0,4182.0,wildtype
MHVWT_A70040_2619_2501,34581.0,34581.0,wildtype
MHVWT_A70040_3169_3246,7509.0,8277.0,wildtype
MHVWT_A70040_523_811,13385.0,13385.0,wildtype
MHVWT_A70041_1095_1589,10429.0,10429.0,wildtype
MHVWT_A70041_1974_3363,6931.0,8326.0,wildtype
MHVWT_A70041_2574_2640,2272.0,2224.0,wildtype
MHVWT_A70041_273_794,99570.0,99570.0,wildtype
MHVWT_A70041_3069_1745,4329.0,4329.0,wildtype
MHVWT_A70041_3208_3674,417.0,581.0,wildtype
MHVWT_A70042_1184_2167,9420.0,9545.0,wildtype
MHVWT_A70042_1301_1333,5521.0,6742.0,wildtype
MHVWT_A70042_3164_2846,1666.0,3943.0,wildtype
MHVWT_A70043_1446_2418,7122.0,7122.0,wildtype
MHVWT_A70043_2057_544,5554.0,6427.0,wildtype
MHVWT_A70044_0_3468,4411.0,4411.0,wildtype
MHVWT_A70044_2458_3452,139394.0,139394.0,wildtype
MHVWT_A70044_2947_861,3880.0,5670.0,wildtype
MHVWT_A70044_95_1572,1359.0,1359.0,wildtype
MHVWT_A70045_1574_1828,76021.0,76021.0,wildtype
MHVWT_A70045_1590_3157,8946.0,9996.0,wildtype
MHVWT_A70045_2897_3635,16347.0,16516.0,wildtype
MHVWT_A70045_801_355,1774.0,3730.0,wildtype
MHVWT_A70046_1985_3607,2875.0,2875.0,wildtype
MHVWT_A70046_2919_677,98420.0,98420.0,wildtype
MHVWT_A70046_3069_183,3176.0,3176.0,wildtype
MHVWT_A70046_412_1800,4409.0,4409.0,wildtype
MHVWT_A70047_3358_3652,2822.0,2822.0,wildtype
MHVWT_A70047_50_1211,5732.0,5732.0,wildtype
MHVWT_A70048_2380_1728,130955.0,130955.0,wildtype
MHVWT_A70048_3142_1795,3000.0,3000.0,wildtype
MHVWT_A70048_539_3552,8293.0,8409.0,wildtype
MHVWT_A70049_39_2112,5219.0,5219.0,wildtype
MHVWT_A70049_912_772,55561.0,58142.0,wildtype
MHVWT_A70050_1285_611,881.0,2264.0,wildtype
MHVWT_A70050_1540_2985,9670.0,9670.0,wildtype
MHVWT_A70050_3047_1978,3371.0,3371.0,wildtype
MHVWT_A70051_2313_2768,127825.0,137370.0,wildtype
MHVWT_A70051_678_1617,1394.0,1394.0,wildtype
MHVWT_A70052_2202_1395,6188.0,6188.0,wildtype
MHVWT_A70052_2447_2640,5612.0,5612.0,wildtype
MHVWT_A70052_2819_1117,5118.0,5118.0,wildtype
MHVWT_A70053_1674_2490,8101.0,21038.0,wildtype
MHVWT_A70053_2141_2078,2853.0,4143.0,wildtype
MHVWT_A70053_829_989,1574.0,1574.0,wildtype
MHVWT_A70054_1702_3218,8745.0,8745.0,wildtype
MHVWT_A70054_812_2112,1850.0,1850.0,wildtype
MHVWT_A70055_1879_3513,5162.0,6903.0,wildtype
MHVWT_A70055_1946_894,6487.0,7680.0,wildtype
MHVWT_A70055_3292_2418,4390.0,4390.0,wildtype
MHVWT_A70055_384_3135,10821.0,12655.0,wildtype
MHVWT_A70055_67_2273,3454.0,3454.0,wildtype
MHVWT_A70056_1579_3391,5356.0,9172.0,wildtype
MHVWT_A70056_2146_422,5489.0,5489.0,wildtype
MHVWT_A70056_2636_3407,9532.0,9532.0,wildtype
MHVWT_A70056_2791_661,5616.0,5616.0,wildtype
MHVWT_A70056_601_1817,3356.0,3380.0,wildtype
MHVWT_A70057_156_1395,3003.0,3003.0,wildtype
MHVWT_A70057_2825_1534,1303.0,1303.0,wildtype
MHVWT_A70057_3192_1183,1502.0,1502.0,wildtype
MHVWT_A70058_0_1745,6177.0,6291.0,wildtype
MHVWT_A70058_1201_2245,73571.0,73571.0,wildtype
MHVWT_A70058_1440_527,1237.0,1237.0,wildtype
MHVWT_A70058_2953_238,19634.0,7134.0,wildtype
MHVWT_A70058_3336_483,28179.0,5241.0,wildtype
MHVWT_A70058_717_3663,3468.0,20730.0,wildtype
MHVWT_A70059_1051_2773,4869.0,7454.0,wildtype
MHVWT_A70059_3175_477,3109.0,6689.0,wildtype
MHVWT_A70060_2463_1278,4337.0,12226.0,wildtype
MHVWT_A70060_3297_2301,3964.0,4875.0,wildtype
MHVWT_A70061_0_1845,1350.0,1350.0,wildtype
MHVWT_A70061_3192_2990,4321.0,4519.0,wildtype
MHVWT_A70062_0_2078,2490.0,692.0,wildtype
MHVWT_A70062_3169_310,57292.0,18532.0,wildtype
MHVWT_A70062_3447_672,5878.0,5878.0,wildtype
MHVWT_A70062_717_989,6485.0,6485.0,wildtype
MHVWT_A70063_1740_638,88949.0,71673.0,wildtype
MHVWT_A70063_3119_3396,729.0,729.0,wildtype
MHVWT_A70064_862_338,973.0,973.0,wildtype
MHVWT_A70065_0_805,2509.0,2509.0,wildtype
MHVWT_A70065_1123_233,7368.0,8566.0,wildtype
MHVWT_A70065_1512_3680,161.0,161.0,wildtype
MHVWT_A70065_3397_2329,6400.0,6400.0,wildtype
MHVWT_A70065_834_850,22426.0,22426.0,wildtype
MHVWT_A70066_223_2851,7606.0,7819.0,wildtype
MHVWT_A70066_3403_466,2966.0,7540.0,wildtype
MHVWT_A70067_1023_1684,6520.0,6520.0,wildtype
MHVWT_A70067_2908_2323,5977.0,5977.0,wildtype
MHVWT_A70067_562_3685,6664.0,6664.0,wildtype
MHVWT_A70068_3153_1506,385.0,385.0,wildtype
MHVWT_A70068_3292_2284,4299.0,4299.0,wildtype
MHVWT_A70068_72_3685,14455.0,14455.0,wildtype
MHVWT_A70068_884_733,129307.0,126118.0,wildtype
MHVWT_A70069_1023_1967,12542.0,14074.0,wildtype
MHVWT_A70069_2169_1812,13041.0,13939.0,wildtype
MHVWT_A70070_1613_3696,79335.0,79284.0,wildtype
MHVWT_A70070_1896_155,73058.0,12955.0,wildtype
MHVWT_A70071_1373_1461,17159.0,17159.0,wildtype
MHVWT_A70071_1635_2996,66711.0,66711.0,wildtype
MHVWT_A70071_2263_3696,6479.0,7660.0,wildtype
MHVWT_A70071_2802_1300,1078.0,2408.0,wildtype
MHVWT_A70072_1696_3424,2314.0,2314.0,wildtype
MHVWT_A70072_2369_983,4872.0,6084.0,wildtype
MHVWT_A70072_2536_2662,17378.0,17383.0,wildtype
MHVWT_A70072_734_1978,30839.0,30839.0,wildtype
MHVWT_A70072_879_1639,488.0,526.0,wildtype
MHVWT_A70073_1879_683,5041.0,5125.0,wildtype
MHVWT_A70073_2402_2818,903.0,903.0,wildtype
MHVWT_A70073_3331_1244,8153.0,8153.0,wildtype
MHVWT_A70073_389_3429,14816.0,14816.0,wildtype
MHVWT_A70074_1073_622,706.0,1499.0,wildtype
MHVWT_A70074_1134_3502,9433.0,9433.0,wildtype
MHVWT_A70074_3130_3168,1511.0,1511.0,wildtype
MHVWT_A70074_456_1856,2080.0,4911.0,wildtype
MHVWT_A70075_1140_2012,5200.0,5200.0,wildtype
MHVWT_A70075_1373_2512,7038.0,8353.0,wildtype
MHVWT_A70075_317_1995,4083.0,5473.0,wildtype
MHVWT_A70075_3208_800,2230.0,2230.0,wildtype
MHVWT_A70076_1347_323,5446.0,5446.0,wildtype
MHVWT_A70076_1875_1945,6394.0,6394.0,wildtype
MHVWT_A70076_717_3702,12441.0,18664.0,wildtype
MHVWT_A70077_1329_645,19207.0,20865.0,wildtype
MHVWT_A70077_1420_1807,15025.0,15025.0,wildtype
MHVWT_A70078_1618_1476,1321.0,1321.0,wildtype
MHVWT_A70078_2294_2046,2035.0,2035.0,wildtype
MHVWT_A70078_3323_2299,2064.0,2064.0,wildtype
MHVWT_A70078_37_2175,5752.0,5752.0,wildtype
MHVWT_A70079_1434_1251,3436.0,3436.0,wildtype
MHVWT_A70079_1825_2639,4263.0,4263.0,wildtype
MHVWT_A70080_1682_2823,5167.0,5167.0,wildtype
MHVWT_A70080_2160_989,3478.0,2312.0,wildtype
MHVWT_A70080_2496_2294,8850.0,9733.0,wildtype
MHVWT_A70080_2799_3287,2931.0,4310.0,wildtype
MHVWT_A70081_1476_1541,6741.0,6741.0,wildtype
MHVWT_A70081_1508_3006,9648.0,9648.0,wildtype
MHVWT_A70081_1898_1283,2165.0,2165.0,wildtype
MHVWT_A70081_2215_1908,10542.0,10542.0,wildtype
MHVWT_A70081_2551_3190,4211.0,4934.0,wildtype
MHVWT_A70082_1085_2731,13552.0,14880.0,wildtype
MHVWT_A70082_2362_1136,2608.0,2608.0,wildtype
MHVWT_A70082_2496_1674,1614.0,1614.0,wildtype
MHVWT_A70082_3323_2726,4068.0,4921.0,wildtype
MHVWT_A70083_3190_2726,7310.0,7310.0,wildtype
MHVWT_A70083_336_833,4150.0,4150.0,wildtype
MHVWT_A70084_0_3618,5998.0,17975.0,wildtype
MHVWT_A70084_1025_594,3120.0,3065.0,wildtype
MHVWT_A70085_1710_2372,65741.0,67073.0,wildtype
MHVWT_A70085_929_957,99302.0,99302.0,wildtype
MHVWT_A70086_0_2712,3565.0,3394.0,wildtype
MHVWT_A70086_14_3356,561.0,561.0,wildtype
MHVWT_A70086_1839_236,6831.0,6831.0,wildtype
MHVWT_A70086_2900_2234,162529.0,134923.0,wildtype
MHVWT_A70086_2974_2579,4327.0,4878.0,wildtype
MHVWT_A70086_3047_851,763.0,763.0,wildtype
MHVWT_A70087_3277_3098,4590.0,4590.0,wildtype
MHVWT_A70087_74_962,4098.0,4507.0,wildtype
MHVWT_A70088_2909_2551,4243.0,4049.0,wildtype
MHVWT_A70088_3075_2988,5713.0,5903.0,wildtype
MHVWT_A70088_410_3539,74501.0,74501.0,wildtype
MHVWT_A70089_1342_2418,7060.0,7028.0,wildtype
MHVWT_A70089_382_291,48311.0,20168.0,wildtype
MHVWT_A70090_1503_272,2179.0,2179.0,wildtype
MHVWT_A70090_1623_3094,3460.0,3460.0,wildtype
MHVWT_A70090_2551_810,8137.0,8137.0,wildtype
MHVWT_A70090_3052_3029,3831.0,3951.0,wildtype
MHVWT_A70090_350_957,10534.0,12464.0,wildtype
MHVWT_A70090_396_3016,2007.0,2210.0,wildtype
MHVWT_A70091_3102_240,2301.0,2301.0,wildtype
MHVWT_A70092_3240_3167,12488.0,14102.0,wildtype
MHVWT_A70092_557_2046,5089.0,5815.0,wildtype
MHVWT_A70092_671_346,8350.0,8350.0,wildtype
MHVWT_A70093_1131_1380,4905.0,5634.0,wildtype
MHVWT_A70093_1264_2763,58368.0,58368.0,wildtype
MHVWT_A70093_2114_3700,53912.0,13048.0,wildtype
MHVWT_A70093_2151_484,149122.0,84786.0,wildtype
MHVWT_A70093_465_3034,433.0,591.0,wildtype
MHVWT_A70093_786_2156,475.0,475.0,wildtype
