filepath,class
/home/ascott10/documents/school/capstone/mutant/A2_MHV_AxA_0005_Ceta_578_912.png,mutant
/home/ascott10/documents/school/capstone/mutant/A2_MHV_AxA_0021_Ceta_2087_954.png,mutant
/home/ascott10/documents/school/capstone/mutant/A2_MHV_AxA_0082_Ceta_3176_566.png,mutant
/home/ascott10/documents/school/capstone/mutant/A2_MHV_AxA_0058_Ceta_3477_1554.png,mutant
/home/ascott10/documents/school/capstone/mutant/A2_MHV_AxA_0085_Ceta_1241_3163.png,mutant
/home/ascott10/documents/school/capstone/mutant/A2_MHV_AxA_0075_Ceta_3149_1789.png,mutant
/home/ascott10/documents/school/capstone/mutant/A2_MHV_AxA_0049_Ceta_2764_3091.png,mutant
/home/ascott10/documents/school/capstone/mutant/A2_MHV_AxA_0066_Ceta_263_1311.png,mutant
/home/ascott10/documents/school/capstone/mutant/A2_MHV_AxA_0091_Ceta_2615_3708.png,mutant
/home/ascott10/documents/school/capstone/mutant/A2_MHV_AxA_0024_Ceta_2997_1070.png,mutant
/home/ascott10/documents/school/capstone/mutant/A2_MHV_AxA_0047_Ceta_166_2358.png,mutant
/home/ascott10/documents/school/capstone/mutant/A2_MHV_AxA_0063_Ceta_2114_2132.png,mutant
/home/ascott10/documents/school/capstone/mutant/A2_MHV_AxA_0097_Ceta_3460_1890.png,mutant
/home/ascott10/documents/school/capstone/mutant/A2_MHV_AxA_0040_Ceta_196_2307.png,mutant
/home/ascott10/documents/school/capstone/mutant/A2_MHV_AxA_0084_Ceta_1047_1790.png,mutant
/home/ascott10/documents/school/capstone/mutant/A2_MHV_AxA_0056_Ceta_1551_1822.png,mutant
/home/ascott10/documents/school/capstone/mutant/A2_MHV_AxA_0015_Ceta_1693_3188.png,mutant
/home/ascott10/documents/school/capstone/mutant/A2_MHV_AxA_0010_Ceta_656_2121.png,mutant
/home/ascott10/documents/school/capstone/mutant/A2_MHV_AxA_0049_Ceta_2759_2247.png,mutant
/home/ascott10/documents/school/capstone/mutant/A2_MHV_AxA_0067_Ceta_3027_905.png,mutant
/home/ascott10/documents/school/capstone/mutant/A2_MHV_AxA_0024_Ceta_565_1500.png,mutant
/home/ascott10/documents/school/capstone/mutant/A2_MHV_AxA_0048_Ceta_2476_796.png,mutant
/home/ascott10/documents/school/capstone/mutant/A2_MHV_AxA_0033_Ceta_424_2828.png,mutant
/home/ascott10/documents/school/capstone/mutant/A2_MHV_AxA_0023_Ceta_2522_2445.png,mutant
/home/ascott10/documents/school/capstone/mutant/A2_MHV_AxA_0006_Ceta_0_2015.png,mutant
/home/ascott10/documents/school/capstone/mutant/A2_MHV_AxA_0070_Ceta_436_3196.png,mutant
/home/ascott10/documents/school/capstone/mutant/A2_MHV_AxA_0077_Ceta_2437_2195.png,mutant
/home/ascott10/documents/school/capstone/mutant/A2_MHV_AxA_0053_Ceta_2931_1402.png,mutant
/home/ascott10/documents/school/capstone/mutant/A2_MHV_AxA_0082_Ceta_591_2562.png,mutant
/home/ascott10/documents/school/capstone/mutant/A2_MHV_AxA_0047_Ceta_636_3480.png,mutant
/home/ascott10/documents/school/capstone/mutant/A2_MHV_AxA_0019_Ceta_2956_1156.png,mutant
/home/ascott10/documents/school/capstone/mutant/A2_MHV_AxA_0090_Ceta_413_2724.png,mutant
/home/ascott10/documents/school/capstone/mutant/A2_MHV_AxA_0060_Ceta_2279_2171.png,mutant
/home/ascott10/documents/school/capstone/mutant/A2_MHV_AxA_0008_Ceta_2870_1798.png,mutant
/home/ascott10/documents/school/capstone/mutant/A2_MHV_AxA_0006_Ceta_3148_443.png,mutant
/home/ascott10/documents/school/capstone/mutant/A2_MHV_AxA_0019_Ceta_1607_1333.png,mutant
/home/ascott10/documents/school/capstone/mutant/A2_MHV_AxA_0081_Ceta_3332_2596.png,mutant
/home/ascott10/documents/school/capstone/mutant/A2_MHV_AxA_0022_Ceta_3259_1318.png,mutant
/home/ascott10/documents/school/capstone/mutant/A2_MHV_AxA_0007_Ceta_2592_614.png,mutant
/home/ascott10/documents/school/capstone/mutant/A2_MHV_AxA_0006_Ceta_959_2894.png,mutant
/home/ascott10/documents/school/capstone/mutant/A2_MHV_AxA_0040_Ceta_343_3252.png,mutant
/home/ascott10/documents/school/capstone/mutant/A2_MHV_AxA_0020_Ceta_434_1818.png,mutant
/home/ascott10/documents/school/capstone/mutant/A2_MHV_AxA_0001_Ceta_2140_1077.png,mutant
/home/ascott10/documents/school/capstone/mutant/A2_MHV_AxA_0053_Ceta_2102_230.png,mutant
/home/ascott10/documents/school/capstone/mutant/A2_MHV_AxA_0061_Ceta_85_3429.png,mutant
/home/ascott10/documents/school/capstone/mutant/A2_MHV_AxA_0072_Ceta_1264_277.png,mutant
/home/ascott10/documents/school/capstone/mutant/A2_MHV_AxA_0055_Ceta_1874_3010.png,mutant
/home/ascott10/documents/school/capstone/mutant/A2_MHV_AxA_0094_Ceta_474_1406.png,mutant
/home/ascott10/documents/school/capstone/mutant/A2_MHV_AxA_0080_Ceta_3127_3279.png,mutant
/home/ascott10/documents/school/capstone/mutant/A2_MHV_AxA_0074_Ceta_2365_3379.png,mutant
/home/ascott10/documents/school/capstone/mutant/A2_MHV_AxA_0011_Ceta_3270_2642.png,mutant
/home/ascott10/documents/school/capstone/mutant/A2_MHV_AxA_0096_Ceta_196_1962.png,mutant
/home/ascott10/documents/school/capstone/mutant/A2_MHV_AxA_0089_Ceta_3421_2913.png,mutant
/home/ascott10/documents/school/capstone/mutant/A2_MHV_AxA_0085_Ceta_3393_2952.png,mutant
/home/ascott10/documents/school/capstone/mutant/A2_MHV_AxA_0023_Ceta_2087_3072.png,mutant
/home/ascott10/documents/school/capstone/mutant/A2_MHV_AxA_0057_Ceta_3391_2282.png,mutant
/home/ascott10/documents/school/capstone/mutant/A2_MHV_AxA_0036_Ceta_1536_3030.png,mutant
/home/ascott10/documents/school/capstone/mutant/A2_MHV_AxA_0076_Ceta_697_688.png,mutant
/home/ascott10/documents/school/capstone/mutant/A2_MHV_AxA_0081_Ceta_341_817.png,mutant
/home/ascott10/documents/school/capstone/mutant/A2_MHV_AxA_0073_Ceta_336_933.png,mutant
/home/ascott10/documents/school/capstone/mutant/A2_MHV_AxA_0014_Ceta_2031_2429.png,mutant
/home/ascott10/documents/school/capstone/mutant/A2_MHV_AxA_0020_Ceta_1849_3228.png,mutant
/home/ascott10/documents/school/capstone/mutant/A2_MHV_AxA_0071_Ceta_0_3579.png,mutant
/home/ascott10/documents/school/capstone/mutant/A2_MHV_AxA_0091_Ceta_2492_3235.png,mutant
/home/ascott10/documents/school/capstone/mutant/A2_MHV_AxA_0087_Ceta_1859_1089.png,mutant
/home/ascott10/documents/school/capstone/mutant/A2_MHV_AxA_0034_Ceta_2936_1731.png,mutant
/home/ascott10/documents/school/capstone/mutant/A2_MHV_AxA_0028_Ceta_2597_1519.png,mutant
/home/ascott10/documents/school/capstone/mutant/A2_MHV_AxA_0088_Ceta_0_1045.png,mutant
/home/ascott10/documents/school/capstone/mutant/A2_MHV_AxA_0007_Ceta_1182_1958.png,mutant
/home/ascott10/documents/school/capstone/mutant/A2_MHV_AxA_0009_Ceta_2375_1505.png,mutant
/home/ascott10/documents/school/capstone/mutant/A2_MHV_AxA_0016_Ceta_1506_352.png,mutant
/home/ascott10/documents/school/capstone/mutant/A2_MHV_AxA_0073_Ceta_725_293.png,mutant
/home/ascott10/documents/school/capstone/mutant/A2_MHV_AxA_0055_Ceta_3012_3541.png,mutant
/home/ascott10/documents/school/capstone/mutant/A2_MHV_AxA_0032_Ceta_1794_2525.png,mutant
/home/ascott10/documents/school/capstone/mutant/A2_MHV_AxA_0076_Ceta_1542_1144.png,mutant
/home/ascott10/documents/school/capstone/mutant/A2_MHV_AxA_0094_Ceta_1447_1823.png,mutant
/home/ascott10/documents/school/capstone/mutant/A2_MHV_AxA_0066_Ceta_241_2423.png,mutant
/home/ascott10/documents/school/capstone/mutant/A2_MHV_AxA_0029_Ceta_909_3161.png,mutant
/home/ascott10/documents/school/capstone/mutant/A2_MHV_AxA_0035_Ceta_692_3419.png,mutant
/home/ascott10/documents/school/capstone/mutant/A2_MHV_AxA_0048_Ceta_1556_3111.png,mutant
/home/ascott10/documents/school/capstone/mutant/A2_MHV_AxA_0096_Ceta_1948_1639.png,mutant
/home/ascott10/documents/school/capstone/mutant/A2_MHV_AxA_0048_Ceta_1723_988.png,mutant
/home/ascott10/documents/school/capstone/mutant/A2_MHV_AxA_0046_Ceta_919_1979.png,mutant
/home/ascott10/documents/school/capstone/mutant/A2_MHV_AxA_0002_Ceta_2677_3706.png,mutant
/home/ascott10/documents/school/capstone/mutant/A2_MHV_AxA_0006_Ceta_3016_2940.png,mutant
/home/ascott10/documents/school/capstone/mutant/A2_MHV_AxA_0070_Ceta_3410_3246.png,mutant
/home/ascott10/documents/school/capstone/mutant/A2_MHV_AxA_0070_Ceta_2498_1761.png,mutant
/home/ascott10/documents/school/capstone/mutant/A2_MHV_AxA_0005_Ceta_3409_948.png,mutant
/home/ascott10/documents/school/capstone/mutant/A2_MHV_AxA_0093_Ceta_1675_3052.png,mutant
/home/ascott10/documents/school/capstone/mutant/A2_MHV_AxA_0018_Ceta_2198_3405.png,mutant
/home/ascott10/documents/school/capstone/mutant/A2_MHV_AxA_0026_Ceta_0_2111.png,mutant
/home/ascott10/documents/school/capstone/mutant/A2_MHV_AxA_0067_Ceta_2487_1144.png,mutant
/home/ascott10/documents/school/capstone/mutant/A2_MHV_AxA_0047_Ceta_1268_452.png,mutant
/home/ascott10/documents/school/capstone/mutant/A2_MHV_AxA_0033_Ceta_479_1878.png,mutant
/home/ascott10/documents/school/capstone/mutant/A2_MHV_AxA_0019_Ceta_0_787.png,mutant
/home/ascott10/documents/school/capstone/mutant/A2_MHV_AxA_0069_Ceta_2899_2751.png,mutant
/home/ascott10/documents/school/capstone/mutant/A2_MHV_AxA_0003_Ceta_2176_321.png,mutant
/home/ascott10/documents/school/capstone/mutant/A2_MHV_AxA_0067_Ceta_2293_827.png,mutant
/home/ascott10/documents/school/capstone/mutant/A2_MHV_AxA_0024_Ceta_1182_3496.png,mutant
/home/ascott10/documents/school/capstone/mutant/A2_MHV_AxA_0018_Ceta_247_620.png,mutant
/home/ascott10/documents/school/capstone/mutant/A2_MHV_AxA_0097_Ceta_546_2657.png,mutant
/home/ascott10/documents/school/capstone/mutant/A2_MHV_AxA_0001_Ceta_3147_589.png,mutant
/home/ascott10/documents/school/capstone/mutant/A2_MHV_AxA_0068_Ceta_152_805.png,mutant
/home/ascott10/documents/school/capstone/mutant/A2_MHV_AxA_0067_Ceta_0_772.png,mutant
/home/ascott10/documents/school/capstone/mutant/A2_MHV_AxA_0033_Ceta_2410_1524.png,mutant
/home/ascott10/documents/school/capstone/mutant/A2_MHV_AxA_0059_Ceta_1682_2211.png,mutant
/home/ascott10/documents/school/capstone/mutant/A2_MHV_AxA_0046_Ceta_2703_963.png,mutant
/home/ascott10/documents/school/capstone/mutant/A2_MHV_AxA_0009_Ceta_2031_1237.png,mutant
/home/ascott10/documents/school/capstone/mutant/A2_MHV_AxA_0009_Ceta_616_1525.png,mutant
/home/ascott10/documents/school/capstone/mutant/A2_MHV_AxA_0071_Ceta_792_2128.png,mutant
/home/ascott10/documents/school/capstone/mutant/A2_MHV_AxA_0082_Ceta_1825_2001.png,mutant
/home/ascott10/documents/school/capstone/mutant/A2_MHV_AxA_0084_Ceta_1759_1462.png,mutant
/home/ascott10/documents/school/capstone/mutant/A2_MHV_AxA_0056_Ceta_3264_922.png,mutant
/home/ascott10/documents/school/capstone/mutant/A2_MHV_AxA_0082_Ceta_1258_2713.png,mutant
/home/ascott10/documents/school/capstone/mutant/A2_MHV_AxA_0093_Ceta_1253_1267.png,mutant
/home/ascott10/documents/school/capstone/mutant/A2_MHV_AxA_0091_Ceta_1197_3335.png,mutant
/home/ascott10/documents/school/capstone/mutant/A2_MHV_AxA_0049_Ceta_1874_417.png,mutant
/home/ascott10/documents/school/capstone/mutant/A2_MHV_AxA_0063_Ceta_3072_3096.png,mutant
/home/ascott10/documents/school/capstone/mutant/A2_MHV_AxA_0013_Ceta_348_721.png,mutant
/home/ascott10/documents/school/capstone/mutant/A2_MHV_AxA_0069_Ceta_614_3212.png,mutant
/home/ascott10/documents/school/capstone/mutant/A2_MHV_AxA_0046_Ceta_1364_2454.png,mutant
/home/ascott10/documents/school/capstone/mutant/A2_MHV_AxA_0007_Ceta_1875_3535.png,mutant
/home/ascott10/documents/school/capstone/mutant/A2_MHV_AxA_0036_Ceta_1601_867.png,mutant
/home/ascott10/documents/school/capstone/mutant/A2_MHV_AxA_0020_Ceta_303_433.png,mutant
/home/ascott10/documents/school/capstone/mutant/A2_MHV_AxA_0085_Ceta_0_1145.png,mutant
/home/ascott10/documents/school/capstone/mutant/A2_MHV_AxA_0054_Ceta_550_3156.png,mutant
/home/ascott10/documents/school/capstone/mutant/A2_MHV_AxA_0059_Ceta_2971_750.png,mutant
/home/ascott10/documents/school/capstone/mutant/A2_MHV_AxA_0004_Ceta_0_3161.png,mutant
/home/ascott10/documents/school/capstone/mutant/A2_MHV_AxA_0083_Ceta_1570_1589.png,mutant
/home/ascott10/documents/school/capstone/mutant/A2_MHV_AxA_0043_Ceta_444_351.png,mutant
/home/ascott10/documents/school/capstone/mutant/A2_MHV_AxA_0060_Ceta_126_3702.png,mutant
/home/ascott10/documents/school/capstone/mutant/A2_MHV_AxA_0025_Ceta_409_1697.png,mutant
/home/ascott10/documents/school/capstone/mutant/A2_MHV_AxA_0020_Ceta_793_191.png,mutant
/home/ascott10/documents/school/capstone/mutant/A2_MHV_AxA_0026_Ceta_1662_1323.png,mutant
/home/ascott10/documents/school/capstone/mutant/A2_MHV_AxA_0092_Ceta_1920_2162.png,mutant
/home/ascott10/documents/school/capstone/mutant/A2_MHV_AxA_0088_Ceta_647_1156.png,mutant
/home/ascott10/documents/school/capstone/mutant/A2_MHV_AxA_0041_Ceta_2339_3050.png,mutant
/home/ascott10/documents/school/capstone/mutant/A2_MHV_AxA_0030_Ceta_2698_3758.png,mutant
/home/ascott10/documents/school/capstone/mutant/A2_MHV_AxA_0092_Ceta_3321_516.png,mutant
/home/ascott10/documents/school/capstone/mutant/A2_MHV_AxA_0029_Ceta_2830_624.png,mutant
/home/ascott10/documents/school/capstone/mutant/A2_MHV_AxA_0006_Ceta_2628_3738.png,mutant
/home/ascott10/documents/school/capstone/mutant/A2_MHV_AxA_0017_Ceta_308_1469.png,mutant
/home/ascott10/documents/school/capstone/mutant/A2_MHV_AxA_0014_Ceta_3391_2349.png,mutant
/home/ascott10/documents/school/capstone/mutant/A2_MHV_AxA_0051_Ceta_3300_2509.png,mutant
/home/ascott10/documents/school/capstone/mutant/A2_MHV_AxA_0074_Ceta_3488_521.png,mutant
/home/ascott10/documents/school/capstone/mutant/A2_MHV_AxA_0099_Ceta_3004_1423.png,mutant
/home/ascott10/documents/school/capstone/mutant/A2_MHV_AxA_0049_Ceta_454_2120.png,mutant
/home/ascott10/documents/school/capstone/mutant/A2_MHV_AxA_0057_Ceta_2658_3212.png,mutant
/home/ascott10/documents/school/capstone/mutant/A2_MHV_AxA_0029_Ceta_1895_685.png,mutant
/home/ascott10/documents/school/capstone/mutant/A2_MHV_AxA_0041_Ceta_3098_2302.png,mutant
/home/ascott10/documents/school/capstone/mutant/A2_MHV_AxA_0041_Ceta_2274_1468.png,mutant
/home/ascott10/documents/school/capstone/mutant/A2_MHV_AxA_0044_Ceta_1485_826.png,mutant
/home/ascott10/documents/school/capstone/mutant/A2_MHV_AxA_0069_Ceta_3338_2606.png,mutant
/home/ascott10/documents/school/capstone/mutant/A2_MHV_AxA_0004_Ceta_2499_821.png,mutant
/home/ascott10/documents/school/capstone/mutant/A2_MHV_AxA_0003_Ceta_1488_963.png,mutant
/home/ascott10/documents/school/capstone/mutant/A2_MHV_AxA_0084_Ceta_702_2701.png,mutant
/home/ascott10/documents/school/capstone/mutant/A2_MHV_AxA_0040_Ceta_2446_1933.png,mutant
/home/ascott10/documents/school/capstone/mutant/A2_MHV_AxA_0009_Ceta_2810_1444.png,mutant
/home/ascott10/documents/school/capstone/mutant/A2_MHV_AxA_0052_Ceta_3183_1251.png,mutant
/home/ascott10/documents/school/capstone/mutant/A2_MHV_AxA_0026_Ceta_515_565.png,mutant
/home/ascott10/documents/school/capstone/mutant/A2_MHV_AxA_0085_Ceta_591_3146.png,mutant
/home/ascott10/documents/school/capstone/mutant/A2_MHV_AxA_0046_Ceta_211_1913.png,mutant
/home/ascott10/documents/school/capstone/mutant/A2_MHV_AxA_0052_Ceta_95_493.png,mutant
/home/ascott10/documents/school/capstone/mutant/A2_MHV_AxA_0010_Ceta_1627_2035.png,mutant
/home/ascott10/documents/school/capstone/mutant/A2_MHV_AxA_0080_Ceta_119_2084.png,mutant
/home/ascott10/documents/school/capstone/mutant/A2_MHV_AxA_0027_Ceta_0_2843.png,mutant
/home/ascott10/documents/school/capstone/mutant/A2_MHV_AxA_0068_Ceta_525_721.png,mutant
/home/ascott10/documents/school/capstone/mutant/A2_MHV_AxA_0078_Ceta_2282_316.png,mutant
/home/ascott10/documents/school/capstone/mutant/A2_MHV_AxA_0075_Ceta_2893_182.png,mutant
/home/ascott10/documents/school/capstone/mutant/A2_MHV_AxA_0009_Ceta_2345_2743.png,mutant
/home/ascott10/documents/school/capstone/mutant/A2_MHV_AxA_0044_Ceta_1440_1236.png,mutant
/home/ascott10/documents/school/capstone/mutant/A2_MHV_AxA_0041_Ceta_2673_1817.png,mutant
/home/ascott10/documents/school/capstone/mutant/A2_MHV_AxA_0056_Ceta_2380_3404.png,mutant
/home/ascott10/documents/school/capstone/mutant/A2_MHV_AxA_0077_Ceta_464_2768.png,mutant
/home/ascott10/documents/school/capstone/mutant/A2_MHV_AxA_0044_Ceta_171_1792.png,mutant
/home/ascott10/documents/school/capstone/mutant/A2_MHV_AxA_0042_Ceta_2077_1104.png,mutant
/home/ascott10/documents/school/capstone/mutant/A2_MHV_AxA_0089_Ceta_1403_978.png,mutant
/home/ascott10/documents/school/capstone/mutant/A2_MHV_AxA_0041_Ceta_3269_2636.png,mutant
/home/ascott10/documents/school/capstone/mutant/A2_MHV_AxA_0076_Ceta_719_1945.png,mutant
/home/ascott10/documents/school/capstone/mutant/A2_MHV_AxA_0037_Ceta_2031_2722.png,mutant
/home/ascott10/documents/school/capstone/mutant/A2_MHV_AxA_0003_Ceta_3242_1933.png,mutant
/home/ascott10/documents/school/capstone/mutant/A2_MHV_AxA_0046_Ceta_1713_1721.png,mutant
/home/ascott10/documents/school/capstone/mutant/A2_MHV_AxA_0059_Ceta_3118_1761.png,mutant
/home/ascott10/documents/school/capstone/mutant/A2_MHV_AxA_0051_Ceta_1268_3141.png,mutant
/home/ascott10/documents/school/capstone/mutant/A2_MHV_AxA_0048_Ceta_1303_407.png,mutant
/home/ascott10/documents/school/capstone/mutant/A2_MHV_AxA_0099_Ceta_2893_900.png,mutant
/home/ascott10/documents/school/capstone/mutant/A2_MHV_AxA_0081_Ceta_2092_2357.png,mutant
/home/ascott10/documents/school/capstone/mutant/A2_MHV_AxA_0022_Ceta_1738_1343.png,mutant
/home/ascott10/documents/school/capstone/mutant/A2_MHV_AxA_0070_Ceta_47_3040.png,mutant
/home/ascott10/documents/school/capstone/mutant/A2_MHV_AxA_0060_Ceta_1364_1857.png,mutant
/home/ascott10/documents/school/capstone/mutant/A2_MHV_AxA_0083_Ceta_1119_3363.png,mutant
/home/ascott10/documents/school/capstone/mutant/A2_MHV_AxA_0030_Ceta_237_2247.png,mutant
/home/ascott10/documents/school/capstone/mutant/A2_MHV_AxA_0065_Ceta_58_332.png,mutant
/home/ascott10/documents/school/capstone/mutant/A2_MHV_AxA_0049_Ceta_1238_1716.png,mutant
/home/ascott10/documents/school/capstone/mutant/A2_MHV_AxA_0017_Ceta_343_923.png,mutant
/home/ascott10/documents/school/capstone/mutant/A2_MHV_AxA_0067_Ceta_2693_710.png,mutant
/home/ascott10/documents/school/capstone/mutant/A2_MHV_AxA_0072_Ceta_1876_2812.png,mutant
/home/ascott10/documents/school/capstone/mutant/A2_MHV_AxA_0002_Ceta_84_1614.png,mutant
/home/ascott10/documents/school/capstone/mutant/A2_MHV_AxA_0056_Ceta_1500_3364.png,mutant
/home/ascott10/documents/school/capstone/mutant/A2_MHV_AxA_0032_Ceta_1425_2671.png,mutant
/home/ascott10/documents/school/capstone/mutant/A2_MHV_AxA_0032_Ceta_1147_1023.png,mutant
/home/ascott10/documents/school/capstone/mutant/A2_MHV_AxA_0009_Ceta_864_959.png,mutant
/home/ascott10/documents/school/capstone/mutant/A2_MHV_AxA_0042_Ceta_3330_3495.png,mutant
/home/ascott10/documents/school/capstone/mutant/A2_MHV_AxA_0087_Ceta_41_466.png,mutant
/home/ascott10/documents/school/capstone/mutant/A2_MHV_AxA_0047_Ceta_2936_2813.png,mutant
/home/ascott10/documents/school/capstone/mutant/A2_MHV_AxA_0091_Ceta_1219_1278.png,mutant
/home/ascott10/documents/school/capstone/mutant/A2_MHV_AxA_0008_Ceta_0_2121.png,mutant
/home/ascott10/documents/school/capstone/mutant/A2_MHV_AxA_0062_Ceta_3204_3025.png,mutant
/home/ascott10/documents/school/capstone/mutant/A2_MHV_AxA_0030_Ceta_1844_841.png,mutant
/home/ascott10/documents/school/capstone/mutant/A2_MHV_AxA_0009_Ceta_1925_3506.png,mutant
/home/ascott10/documents/school/capstone/mutant/A2_MHV_AxA_0052_Ceta_1000_2701.png,mutant
/home/ascott10/documents/school/capstone/mutant/A2_MHV_AxA_0023_Ceta_161_2546.png,mutant
/home/ascott10/documents/school/capstone/mutant/A2_MHV_AxA_0020_Ceta_252_1060.png,mutant
/home/ascott10/documents/school/capstone/mutant/A2_MHV_AxA_0045_Ceta_575_1185.png,mutant
/home/ascott10/documents/school/capstone/mutant/A2_MHV_AxA_0020_Ceta_1586_782.png,mutant
/home/ascott10/documents/school/capstone/mutant/A2_MHV_AxA_0030_Ceta_3386_1736.png,mutant
/home/ascott10/documents/school/capstone/mutant/A2_MHV_AxA_0077_Ceta_2849_1244.png,mutant
/home/ascott10/documents/school/capstone/mutant/A2_MHV_AxA_0035_Ceta_3477_1923.png,mutant
/home/ascott10/documents/school/capstone/mutant/A2_MHV_AxA_0067_Ceta_2576_321.png,mutant
/home/ascott10/documents/school/capstone/mutant/A2_MHV_AxA_0060_Ceta_2506_1312.png,mutant
/home/ascott10/documents/school/capstone/mutant/A2_MHV_AxA_0044_Ceta_115_2373.png,mutant
/home/ascott10/documents/school/capstone/mutant/A2_MHV_AxA_0076_Ceta_3294_1522.png,mutant
/home/ascott10/documents/school/capstone/mutant/A2_MHV_AxA_0045_Ceta_1632_3707.png,mutant
/home/ascott10/documents/school/capstone/mutant/A2_MHV_AxA_0013_Ceta_202_2940.png,mutant
/home/ascott10/documents/school/capstone/mutant/A2_MHV_AxA_0054_Ceta_742_1817.png,mutant
/home/ascott10/documents/school/capstone/mutant/A2_MHV_AxA_0025_Ceta_449_2935.png,mutant
/home/ascott10/documents/school/capstone/mutant/A2_MHV_AxA_0035_Ceta_262_3338.png,mutant
/home/ascott10/documents/school/capstone/mutant/A2_MHV_AxA_0062_Ceta_3204_2242.png,mutant
/home/ascott10/documents/school/capstone/mutant/A2_MHV_AxA_0004_Ceta_2752_2166.png,mutant
/home/ascott10/documents/school/capstone/mutant/A2_MHV_AxA_0079_Ceta_2348_1928.png,mutant
/home/ascott10/documents/school/capstone/mutant/A2_MHV_AxA_0099_Ceta_858_3268.png,mutant
/home/ascott10/documents/school/capstone/mutant/A2_MHV_AxA_0077_Ceta_2254_2918.png,mutant
/home/ascott10/documents/school/capstone/mutant/A2_MHV_AxA_0081_Ceta_647_2051.png,mutant
/home/ascott10/documents/school/capstone/mutant/A2_MHV_AxA_0047_Ceta_2446_1812.png,mutant
/home/ascott10/documents/school/capstone/mutant/A2_MHV_AxA_0062_Ceta_35_2494.png,mutant
/home/ascott10/documents/school/capstone/mutant/A2_MHV_AxA_0034_Ceta_1399_3126.png,mutant
/home/ascott10/documents/school/capstone/mutant/A2_MHV_AxA_0091_Ceta_2415_277.png,mutant
/home/ascott10/documents/school/capstone/mutant/A2_MHV_AxA_0088_Ceta_1191_1267.png,mutant
/home/ascott10/documents/school/capstone/mutant/A2_MHV_AxA_0030_Ceta_110_3313.png,mutant
/home/ascott10/documents/school/capstone/mutant/A2_MHV_AxA_0071_Ceta_3377_2812.png,mutant
/home/ascott10/documents/school/capstone/mutant/A2_MHV_AxA_0076_Ceta_3166_3590.png,mutant
/home/ascott10/documents/school/capstone/mutant/A2_MHV_AxA_0092_Ceta_1953_3747.png,mutant
/home/ascott10/documents/school/capstone/mutant/A2_MHV_AxA_0062_Ceta_2360_417.png,mutant
/home/ascott10/documents/school/capstone/mutant/A2_MHV_AxA_0087_Ceta_1180_3046.png,mutant
/home/ascott10/documents/school/capstone/mutant/A2_MHV_AxA_0015_Ceta_237_2611.png,mutant
/home/ascott10/documents/school/capstone/mutant/A2_MHV_AxA_0072_Ceta_2726_1650.png,mutant
/home/ascott10/documents/school/capstone/mutant/A2_MHV_AxA_0025_Ceta_1081_246.png,mutant
/home/ascott10/documents/school/capstone/mutant/A2_MHV_AxA_0001_Ceta_1553_1924.png,mutant
/home/ascott10/documents/school/capstone/mutant/A2_MHV_AxA_0052_Ceta_1900_1448.png,mutant
/home/ascott10/documents/school/capstone/mutant/A2_MHV_AxA_0042_Ceta_869_447.png,mutant
/home/ascott10/documents/school/capstone/mutant/A2_MHV_AxA_0074_Ceta_2332_2545.png,mutant
/home/ascott10/documents/school/capstone/mutant/A2_MHV_AxA_0028_Ceta_151_3556.png,mutant
/home/ascott10/documents/school/capstone/mutant/A2_MHV_AxA_0024_Ceta_0_1793.png,mutant
/home/ascott10/documents/school/capstone/mutant/A2_MHV_AxA_0002_Ceta_2065_345.png,mutant
/home/ascott10/documents/school/capstone/mutant/A2_MHV_AxA_0026_Ceta_1945_822.png,mutant
/home/ascott10/documents/school/capstone/mutant/A2_MHV_AxA_0096_Ceta_3493_1234.png,mutant
/home/ascott10/documents/school/capstone/mutant/A2_MHV_AxA_0068_Ceta_1147_3351.png,mutant
/home/ascott10/documents/school/capstone/mutant/A2_MHV_AxA_0040_Ceta_3330_2439.png,mutant
/home/ascott10/documents/school/capstone/mutant/A2_MHV_AxA_0054_Ceta_2451_240.png,mutant
/home/ascott10/documents/school/capstone/mutant/A2_MHV_AxA_0066_Ceta_3427_2423.png,mutant
/home/ascott10/documents/school/capstone/mutant/A2_MHV_AxA_0082_Ceta_157_2351.png,mutant
/home/ascott10/documents/school/capstone/mutant/A2_MHV_AxA_0084_Ceta_3004_1250.png,mutant
/home/ascott10/documents/school/capstone/mutant/A2_MHV_AxA_0081_Ceta_191_1222.png,mutant
/home/ascott10/documents/school/capstone/mutant/A2_MHV_AxA_0015_Ceta_1223_1959.png,mutant
/home/ascott10/documents/school/capstone/mutant/A2_MHV_AxA_0079_Ceta_286_3107.png,mutant
/home/ascott10/documents/school/capstone/mutant/A2_MHV_AxA_0039_Ceta_1687_2459.png,mutant
/home/ascott10/documents/school/capstone/mutant/A2_MHV_AxA_0099_Ceta_1948_3035.png,mutant
/home/ascott10/documents/school/capstone/mutant/A2_MHV_AxA_0039_Ceta_2809_1175.png,mutant
/home/ascott10/documents/school/capstone/mutant/A2_MHV_AxA_0019_Ceta_0_372.png,mutant
/home/ascott10/documents/school/capstone/mutant/A2_MHV_AxA_0098_Ceta_541_1550.png,mutant
/home/ascott10/documents/school/capstone/mutant/A2_MHV_AxA_0064_Ceta_1542_2245.png,mutant
/home/ascott10/documents/school/capstone/mutant/A2_MHV_AxA_0076_Ceta_603_2362.png,mutant
/home/ascott10/documents/school/capstone/mutant/A2_MHV_AxA_0014_Ceta_9_2303.png,mutant
/home/ascott10/documents/school/capstone/mutant/A2_MHV_AxA_0019_Ceta_1308_2505.png,mutant
/home/ascott10/documents/school/capstone/mutant/A2_MHV_AxA_0060_Ceta_1844_2686.png,mutant
/home/ascott10/documents/school/capstone/mutant/A2_MHV_AxA_0072_Ceta_2971_3624.png,mutant
/home/ascott10/documents/school/capstone/mutant/A2_MHV_AxA_0090_Ceta_1731_789.png,mutant
/home/ascott10/documents/school/capstone/mutant/A2_MHV_AxA_0012_Ceta_687_2637.png,mutant
/home/ascott10/documents/school/capstone/mutant/A2_MHV_AxA_0008_Ceta_2117_2394.png,mutant
/home/ascott10/documents/school/capstone/mutant/A2_MHV_AxA_0022_Ceta_0_3415.png,mutant
/home/ascott10/documents/school/capstone/mutant/A2_MHV_AxA_0031_Ceta_570_2277.png,mutant
/home/ascott10/documents/school/capstone/mutant/A2_MHV_AxA_0055_Ceta_1344_1827.png,mutant
/home/ascott10/documents/school/capstone/mutant/A2_MHV_AxA_0068_Ceta_2721_2434.png,mutant
/home/ascott10/documents/school/capstone/mutant/A2_MHV_AxA_0005_Ceta_2964_1357.png,mutant
/home/ascott10/documents/school/capstone/mutant/A2_MHV_AxA_0058_Ceta_0_1716.png,mutant
/home/ascott10/documents/school/capstone/mutant/A2_MHV_AxA_0062_Ceta_1217_2641.png,mutant
/home/ascott10/documents/school/capstone/mutant/A2_MHV_AxA_0025_Ceta_2643_3663.png,mutant
/home/ascott10/documents/school/capstone/mutant/A2_MHV_AxA_0025_Ceta_818_1914.png,mutant
/home/ascott10/documents/school/capstone/mutant/A2_MHV_AxA_0030_Ceta_2542_225.png,mutant
/home/ascott10/documents/school/capstone/mutant/A2_MHV_AxA_0067_Ceta_502_1022.png,mutant
/home/ascott10/documents/school/capstone/mutant/A2_MHV_AxA_0044_Ceta_0_3722.png,mutant
/home/ascott10/documents/school/capstone/mutant/A2_MHV_AxA_0093_Ceta_2537_1406.png,mutant
/home/ascott10/documents/school/capstone/mutant/A2_MHV_AxA_0046_Ceta_550_1711.png,mutant
/home/ascott10/documents/school/capstone/mutant/A2_MHV_AxA_0010_Ceta_2365_2106.png,mutant
/home/ascott10/documents/school/capstone/mutant/A2_MHV_AxA_0036_Ceta_3461_1964.png,mutant
/home/ascott10/documents/school/capstone/mutant/A2_MHV_AxA_0014_Ceta_3406_3203.png,mutant
/home/ascott10/documents/school/capstone/mutant/A2_MHV_AxA_0003_Ceta_3272_1549.png,mutant
/home/ascott10/documents/school/capstone/mutant/A2_MHV_AxA_0030_Ceta_479_836.png,mutant
/home/ascott10/documents/school/capstone/mutant/A2_MHV_AxA_0016_Ceta_2845_2869.png,mutant
/home/ascott10/documents/school/capstone/mutant/A2_MHV_AxA_0098_Ceta_2726_1617.png,mutant
/home/ascott10/documents/school/capstone/mutant/A2_MHV_AxA_0060_Ceta_2082_205.png,mutant
/home/ascott10/documents/school/capstone/mutant/A2_MHV_AxA_0047_Ceta_429_1155.png,mutant
/home/ascott10/documents/school/capstone/mutant/A2_MHV_AxA_0086_Ceta_1814_3630.png,mutant
/home/ascott10/documents/school/capstone/mutant/A2_MHV_AxA_0076_Ceta_647_3240.png,mutant
/home/ascott10/documents/school/capstone/mutant/A2_MHV_AxA_0077_Ceta_0_3407.png,mutant
/home/ascott10/documents/school/capstone/mutant/A2_MHV_AxA_0075_Ceta_1587_1578.png,mutant
/home/ascott10/documents/school/capstone/mutant/A2_MHV_AxA_0077_Ceta_1108_221.png,mutant
/home/ascott10/documents/school/capstone/mutant/A2_MHV_AxA_0046_Ceta_3345_2297.png,mutant
/home/ascott10/documents/school/capstone/mutant/A2_MHV_AxA_0057_Ceta_217_523.png,mutant
/home/ascott10/documents/school/capstone/mutant/A2_MHV_AxA_0003_Ceta_118_2616.png,mutant
/home/ascott10/documents/school/capstone/mutant/A2_MHV_AxA_0076_Ceta_1854_2111.png,mutant
/home/ascott10/documents/school/capstone/mutant/A2_MHV_AxA_0080_Ceta_792_1177.png,mutant
/home/ascott10/documents/school/capstone/mutant/A2_MHV_AxA_0062_Ceta_1505_3141.png,mutant
/home/ascott10/documents/school/capstone/mutant/A2_MHV_AxA_0090_Ceta_2848_3385.png,mutant
/home/ascott10/documents/school/capstone/mutant/A2_MHV_AxA_0057_Ceta_939_3040.png,mutant
/home/ascott10/documents/school/capstone/mutant/A2_MHV_AxA_0079_Ceta_413_2679.png,mutant
/home/ascott10/documents/school/capstone/mutant/A2_MHV_AxA_0047_Ceta_2789_604.png,mutant
/home/ascott10/documents/school/capstone/mutant/A2_MHV_AxA_0076_Ceta_958_3524.png,mutant
/home/ascott10/documents/school/capstone/mutant/A2_MHV_AxA_0064_Ceta_2532_343.png,mutant
/home/ascott10/documents/school/capstone/mutant/A2_MHV_AxA_0048_Ceta_1495_3444.png,mutant
/home/ascott10/documents/school/capstone/mutant/A2_MHV_AxA_0045_Ceta_3093_1943.png,mutant
/home/ascott10/documents/school/capstone/mutant/A2_MHV_AxA_0014_Ceta_1748_822.png,mutant
/home/ascott10/documents/school/capstone/mutant/A2_MHV_AxA_0069_Ceta_447_1572.png,mutant
/home/ascott10/documents/school/capstone/mutant/A2_MHV_AxA_0086_Ceta_458_294.png,mutant
/home/ascott10/documents/school/capstone/mutant/A2_MHV_AxA_0075_Ceta_2810_1505.png,mutant
/home/ascott10/documents/school/capstone/mutant/A2_MHV_AxA_0092_Ceta_46_3007.png,mutant
/home/ascott10/documents/school/capstone/mutant/A2_MHV_AxA_0048_Ceta_3345_3530.png,mutant
/home/ascott10/documents/school/capstone/mutant/A2_MHV_AxA_0033_Ceta_2830_1600.png,mutant
/home/ascott10/documents/school/capstone/mutant/A2_MHV_AxA_0055_Ceta_302_1372.png,mutant
/home/ascott10/documents/school/capstone/mutant/A2_MHV_AxA_0016_Ceta_874_2091.png,mutant
/home/ascott10/documents/school/capstone/mutant/A2_MHV_AxA_0084_Ceta_1681_850.png,mutant
/home/ascott10/documents/school/capstone/mutant/A2_MHV_AxA_0081_Ceta_224_2512.png,mutant
/home/ascott10/documents/school/capstone/mutant/A2_MHV_AxA_0078_Ceta_2827_494.png,mutant
/home/ascott10/documents/school/capstone/mutant/A2_MHV_AxA_0058_Ceta_939_3177.png,mutant
/home/ascott10/documents/school/capstone/mutant/A2_MHV_AxA_0021_Ceta_2218_595.png,mutant
/home/ascott10/documents/school/capstone/mutant/A2_MHV_AxA_0038_Ceta_1268_1716.png,mutant
/home/ascott10/documents/school/capstone/mutant/A2_MHV_AxA_0095_Ceta_1080_3152.png,mutant
/home/ascott10/documents/school/capstone/mutant/A2_MHV_AxA_0099_Ceta_458_2618.png,mutant
/home/ascott10/documents/school/capstone/mutant/A2_MHV_AxA_0011_Ceta_480_2061.png,mutant
/home/ascott10/documents/school/capstone/mutant/A2_MHV_AxA_0005_Ceta_3009_3450.png,mutant
/home/ascott10/documents/school/capstone/mutant/A2_MHV_AxA_0025_Ceta_540_792.png,mutant
/home/ascott10/documents/school/capstone/mutant/A2_MHV_AxA_0012_Ceta_313_1808.png,mutant
/home/ascott10/documents/school/capstone/mutant/A2_MHV_AxA_0074_Ceta_1247_1739.png,mutant
/home/ascott10/documents/school/capstone/mutant/A2_MHV_AxA_0031_Ceta_2046_3343.png,mutant
/home/ascott10/documents/school/capstone/mutant/A2_MHV_AxA_0010_Ceta_2365_3552.png,mutant
/home/ascott10/documents/school/capstone/mutant/A2_MHV_AxA_0089_Ceta_113_544.png,mutant
/home/ascott10/documents/school/capstone/mutant/A2_MHV_AxA_0046_Ceta_2466_3642.png,mutant
/home/ascott10/documents/school/capstone/mutant/A2_MHV_AxA_0063_Ceta_1195_2041.png,mutant
/home/ascott10/documents/school/capstone/mutant/A2_MHV_AxA_0044_Ceta_3350_3561.png,mutant
/home/ascott10/documents/school/capstone/mutant/A2_MHV_AxA_0028_Ceta_1081_3333.png,mutant
/home/ascott10/documents/school/capstone/mutant/A2_MHV_AxA_0053_Ceta_2405_3096.png,mutant
/home/ascott10/documents/school/capstone/mutant/A2_MHV_AxA_0019_Ceta_3371_3653.png,mutant
/home/ascott10/documents/school/capstone/mutant/A2_MHV_AxA_0090_Ceta_1692_2290.png,mutant
/home/ascott10/documents/school/capstone/mutant/A2_MHV_AxA_0082_Ceta_3299_2585.png,mutant
/home/ascott10/documents/school/capstone/mutant/A2_MHV_AxA_0092_Ceta_947_361.png,mutant
/home/ascott10/documents/school/capstone/mutant/A2_MHV_AxA_0076_Ceta_953_405.png,mutant
/home/ascott10/documents/school/capstone/mutant/A2_MHV_AxA_0070_Ceta_274_610.png,mutant
/home/ascott10/documents/school/capstone/mutant/A2_MHV_AxA_0004_Ceta_2090_543.png,mutant
/home/ascott10/documents/school/capstone/mutant/A2_MHV_AxA_0004_Ceta_2014_1539.png,mutant
/home/ascott10/documents/school/capstone/mutant/A2_MHV_AxA_0049_Ceta_1723_3389.png,mutant
/home/ascott10/documents/school/capstone/mutant/A2_MHV_AxA_0008_Ceta_3447_2667.png,mutant
/home/ascott10/documents/school/capstone/mutant/A2_MHV_AxA_0025_Ceta_1041_1257.png,mutant
/home/ascott10/documents/school/capstone/mutant/A2_MHV_AxA_0093_Ceta_2342_3280.png,mutant
/home/ascott10/documents/school/capstone/mutant/A2_MHV_AxA_0097_Ceta_1264_1389.png,mutant
/home/ascott10/documents/school/capstone/mutant/A2_MHV_AxA_0046_Ceta_2633_139.png,mutant
/home/ascott10/documents/school/capstone/mutant/A2_MHV_AxA_0041_Ceta_2238_3788.png,mutant
/home/ascott10/documents/school/capstone/mutant/A2_MHV_AxA_0087_Ceta_257_3396.png,mutant
/home/ascott10/documents/school/capstone/mutant/A2_MHV_AxA_0037_Ceta_3077_3257.png,mutant
/home/ascott10/documents/school/capstone/mutant/A2_MHV_AxA_0085_Ceta_3160_166.png,mutant
/home/ascott10/documents/school/capstone/mutant/A2_MHV_AxA_0073_Ceta_1626_1544.png,mutant
/home/ascott10/documents/school/capstone/mutant/A2_MHV_AxA_0017_Ceta_2527_3501.png,mutant
/home/ascott10/documents/school/capstone/mutant/A2_MHV_AxA_0044_Ceta_3340_134.png,mutant
/home/ascott10/documents/school/capstone/mutant/A2_MHV_AxA_0064_Ceta_186_3696.png,mutant
/home/ascott10/documents/school/capstone/mutant/A2_MHV_AxA_0073_Ceta_1236_3185.png,mutant
/home/ascott10/documents/school/capstone/mutant/A2_MHV_AxA_0020_Ceta_813_3294.png,mutant
/home/ascott10/documents/school/capstone/mutant/A2_MHV_AxA_0068_Ceta_1047_1950.png,mutant
/home/ascott10/documents/school/capstone/mutant/A2_MHV_AxA_0063_Ceta_0_1712.png,mutant
/home/ascott10/documents/school/capstone/mutant/A2_MHV_AxA_0066_Ceta_2971_382.png,mutant
/home/ascott10/documents/school/capstone/mutant/A2_MHV_AxA_0060_Ceta_1273_2312.png,mutant
/home/ascott10/documents/school/capstone/mutant/A2_MHV_AxA_0021_Ceta_141_2536.png,mutant
/home/ascott10/documents/school/capstone/mutant/A2_MHV_AxA_0048_Ceta_1182_2039.png,mutant
/home/ascott10/documents/school/capstone/mutant/A2_MHV_AxA_0097_Ceta_1342_1039.png,mutant
/home/ascott10/documents/school/capstone/mutant/A2_MHV_AxA_0081_Ceta_0_700.png,mutant
/home/ascott10/documents/school/capstone/mutant/A2_MHV_AxA_0072_Ceta_836_2356.png,mutant
/home/ascott10/documents/school/capstone/mutant/A2_MHV_AxA_0056_Ceta_778_892.png,mutant
/home/ascott10/documents/school/capstone/mutant/A2_MHV_AxA_0065_Ceta_625_3140.png,mutant
/home/ascott10/documents/school/capstone/mutant/A2_MHV_AxA_0062_Ceta_737_1165.png,mutant
/home/ascott10/documents/school/capstone/mutant/A2_MHV_AxA_0093_Ceta_2037_238.png,mutant
/home/ascott10/documents/school/capstone/mutant/A2_MHV_AxA_0094_Ceta_3199_3363.png,mutant
/home/ascott10/documents/school/capstone/mutant/A2_MHV_AxA_0033_Ceta_1212_1812.png,mutant
/home/ascott10/documents/school/capstone/mutant/A2_MHV_AxA_0091_Ceta_719_950.png,mutant
/home/ascott10/documents/school/capstone/mutant/A2_MHV_AxA_0019_Ceta_358_2359.png,mutant
/home/ascott10/documents/school/capstone/mutant/A2_MHV_AxA_0001_Ceta_1941_1140.png,mutant
/home/ascott10/documents/school/capstone/mutant/A2_MHV_AxA_0061_Ceta_1460_2343.png,mutant
/home/ascott10/documents/school/capstone/mutant/A2_MHV_AxA_0013_Ceta_3047_3627.png,mutant
/home/ascott10/documents/school/capstone/mutant/A2_MHV_AxA_0073_Ceta_3243_3557.png,mutant
/home/ascott10/documents/school/capstone/mutant/A2_MHV_AxA_0087_Ceta_852_400.png,mutant
/home/ascott10/documents/school/capstone/mutant/A2_MHV_AxA_0095_Ceta_2754_1662.png,mutant
/home/ascott10/documents/school/capstone/mutant/A2_MHV_AxA_0022_Ceta_2077_858.png,mutant
/home/ascott10/documents/school/capstone/mutant/A2_MHV_AxA_0082_Ceta_163_700.png,mutant
/home/ascott10/documents/school/capstone/mutant/A2_MHV_AxA_0007_Ceta_2643_1898.png,mutant
/home/ascott10/documents/school/capstone/mutant/A2_MHV_AxA_0060_Ceta_1950_2322.png,mutant
/home/ascott10/documents/school/capstone/mutant/A2_MHV_AxA_0081_Ceta_2693_2090.png,mutant
/home/ascott10/documents/school/capstone/mutant/A2_MHV_AxA_0095_Ceta_2804_2840.png,mutant
/home/ascott10/documents/school/capstone/mutant/A2_MHV_AxA_0048_Ceta_2360_1392.png,mutant
/home/ascott10/documents/school/capstone/mutant/A2_MHV_AxA_0074_Ceta_0_293.png,mutant
/home/ascott10/documents/school/capstone/mutant/A2_MHV_AxA_0046_Ceta_1293_1458.png,mutant
/home/ascott10/documents/school/capstone/mutant/A2_MHV_AxA_0044_Ceta_3234_447.png,mutant
/home/ascott10/documents/school/capstone/mutant/A2_MHV_AxA_0055_Ceta_3082_2701.png,mutant
/home/ascott10/documents/school/capstone/mutant/A2_MHV_AxA_0058_Ceta_3052_1190.png,mutant
/home/ascott10/documents/school/capstone/mutant/A2_MHV_AxA_0032_Ceta_2142_1286.png,mutant
/home/ascott10/documents/school/capstone/mutant/A2_MHV_AxA_0075_Ceta_1103_716.png,mutant
/home/ascott10/documents/school/capstone/mutant/A2_MHV_AxA_0089_Ceta_597_3663.png,mutant
/home/ascott10/documents/school/capstone/mutant/A2_MHV_AxA_0051_Ceta_0_1504.png,mutant
/home/ascott10/documents/school/capstone/mutant/A2_MHV_AxA_0047_Ceta_510_2514.png,mutant
/home/ascott10/documents/school/capstone/mutant/A2_MHV_AxA_0078_Ceta_2259_1856.png,mutant
/home/ascott10/documents/school/capstone/mutant/A2_MHV_AxA_0003_Ceta_2054_3647.png,mutant
/home/ascott10/documents/school/capstone/mutant/A2_MHV_AxA_0081_Ceta_2181_811.png,mutant
/home/ascott10/documents/school/capstone/mutant/A2_MHV_AxA_0091_Ceta_335_744.png,mutant
/home/ascott10/documents/school/capstone/mutant/A2_MHV_AxA_0090_Ceta_1508_3641.png,mutant
/home/ascott10/documents/school/capstone/mutant/A2_MHV_AxA_0060_Ceta_1505_599.png,mutant
/home/ascott10/documents/school/capstone/mutant/A2_MHV_AxA_0055_Ceta_2582_3369.png,mutant
/home/ascott10/documents/school/capstone/mutant/A2_MHV_AxA_0079_Ceta_1292_899.png,mutant
/home/ascott10/documents/school/capstone/mutant/A2_MHV_AxA_0051_Ceta_1970_862.png,mutant
/home/ascott10/documents/school/capstone/mutant/A2_MHV_AxA_0043_Ceta_3381_1680.png,mutant
/home/ascott10/documents/school/capstone/mutant/A2_MHV_AxA_0073_Ceta_2676_2145.png,mutant
/home/ascott10/documents/school/capstone/mutant/A2_MHV_AxA_0019_Ceta_2127_3643.png,mutant
/home/ascott10/documents/school/capstone/mutant/A2_MHV_AxA_0039_Ceta_641_3591.png,mutant
/home/ascott10/documents/school/capstone/mutant/A2_MHV_AxA_0094_Ceta_0_1272.png,mutant
/home/ascott10/documents/school/capstone/mutant/A2_MHV_AxA_0084_Ceta_2470_3608.png,mutant
/home/ascott10/documents/school/capstone/mutant/A2_MHV_AxA_0041_Ceta_3477_2307.png,mutant
/home/ascott10/documents/school/capstone/mutant/A2_MHV_AxA_0005_Ceta_2692_1099.png,mutant
/home/ascott10/documents/school/capstone/mutant/A2_MHV_AxA_0045_Ceta_1071_3106.png,mutant
/home/ascott10/documents/school/capstone/mutant/A2_MHV_AxA_0031_Ceta_1450_270.png,mutant
/home/ascott10/documents/school/capstone/mutant/A2_MHV_AxA_0053_Ceta_2097_3561.png,mutant
/home/ascott10/documents/school/capstone/mutant/A2_MHV_AxA_0079_Ceta_2871_2273.png,mutant
/home/ascott10/documents/school/capstone/mutant/A2_MHV_AxA_0024_Ceta_1804_757.png,mutant
/home/ascott10/documents/school/capstone/mutant/A2_MHV_AxA_0075_Ceta_2782_616.png,mutant
/home/ascott10/documents/school/capstone/mutant/A2_MHV_AxA_0076_Ceta_2921_3029.png,mutant
/home/ascott10/documents/school/capstone/mutant/A2_MHV_AxA_0098_Ceta_1770_2446.png,mutant
/home/ascott10/documents/school/capstone/mutant/A2_MHV_AxA_0010_Ceta_1167_231.png,mutant
/home/ascott10/documents/school/capstone/mutant/A2_MHV_AxA_0003_Ceta_760_2241.png,mutant
/home/ascott10/documents/school/capstone/mutant/A2_MHV_AxA_0088_Ceta_886_761.png,mutant
/home/ascott10/documents/school/capstone/mutant/A2_MHV_AxA_0053_Ceta_1354_725.png,mutant
/home/ascott10/documents/school/capstone/mutant/A2_MHV_AxA_0056_Ceta_1859_3060.png,mutant
/home/ascott10/documents/school/capstone/mutant/A2_MHV_AxA_0097_Ceta_480_3513.png,mutant
/home/ascott10/documents/school/capstone/mutant/A2_MHV_AxA_0028_Ceta_1576_1564.png,mutant
/home/ascott10/documents/school/capstone/mutant/A2_MHV_AxA_0003_Ceta_2509_3060.png,mutant
/home/ascott10/documents/school/capstone/mutant/A2_MHV_AxA_0053_Ceta_1081_584.png,mutant
/home/ascott10/documents/school/capstone/mutant/A2_MHV_AxA_0017_Ceta_3022_3056.png,mutant
/home/ascott10/documents/school/capstone/mutant/A2_MHV_AxA_0006_Ceta_2779_1237.png,mutant
/home/ascott10/documents/school/capstone/mutant/A2_MHV_AxA_0055_Ceta_2612_2605.png,mutant
/home/ascott10/documents/school/capstone/mutant/A2_MHV_AxA_0019_Ceta_0_2298.png,mutant
/home/ascott10/documents/school/capstone/mutant/A2_MHV_AxA_0064_Ceta_2159_2034.png,mutant
/home/ascott10/documents/school/capstone/mutant/A2_MHV_AxA_0078_Ceta_597_1455.png,mutant
/home/ascott10/documents/school/capstone/mutant/A2_MHV_AxA_0057_Ceta_1697_2267.png,mutant
/home/ascott10/documents/school/capstone/mutant/A2_MHV_AxA_0018_Ceta_414_2091.png,mutant
/home/ascott10/documents/school/capstone/mutant/A2_MHV_AxA_0074_Ceta_1031_1194.png,mutant
/home/ascott10/documents/school/capstone/mutant/A2_MHV_AxA_0099_Ceta_2704_2384.png,mutant
/home/ascott10/documents/school/capstone/mutant/A2_MHV_AxA_0067_Ceta_3054_460.png,mutant
/home/ascott10/documents/school/capstone/mutant/A2_MHV_AxA_0095_Ceta_2348_1167.png,mutant
/home/ascott10/documents/school/capstone/mutant/A2_MHV_AxA_0088_Ceta_1681_1806.png,mutant
/home/ascott10/documents/school/capstone/mutant/A2_MHV_AxA_0078_Ceta_1753_3568.png,mutant
/home/ascott10/documents/school/capstone/mutant/A2_MHV_AxA_0006_Ceta_0_1156.png,mutant
/home/ascott10/documents/school/capstone/mutant/A2_MHV_AxA_0008_Ceta_879_2414.png,mutant
/home/ascott10/documents/school/capstone/mutant/A2_MHV_AxA_0065_Ceta_1270_577.png,mutant
/home/ascott10/documents/school/capstone/mutant/A2_MHV_AxA_0064_Ceta_1309_2406.png,mutant
/home/ascott10/documents/school/capstone/mutant/A2_MHV_AxA_0027_Ceta_1440_1797.png,mutant
/home/ascott10/documents/school/capstone/mutant/A2_MHV_AxA_0025_Ceta_2850_463.png,mutant
/home/ascott10/documents/school/capstone/mutant/A2_MHV_AxA_0035_Ceta_0_730.png,mutant
/home/ascott10/documents/school/capstone/mutant/A2_MHV_AxA_0053_Ceta_2481_3480.png,mutant
/home/ascott10/documents/school/capstone/mutant/A2_MHV_AxA_0002_Ceta_1721_2872.png,mutant
/home/ascott10/documents/school/capstone/mutant/A2_MHV_AxA_0001_Ceta_520_2956.png,mutant
/home/ascott10/documents/school/capstone/mutant/A2_MHV_AxA_0072_Ceta_730_1811.png,mutant
/home/ascott10/documents/school/capstone/mutant/A2_MHV_AxA_0058_Ceta_1829_159.png,mutant
/home/ascott10/documents/school/capstone/mutant/A2_MHV_AxA_0047_Ceta_110_1691.png,mutant
/home/ascott10/documents/school/capstone/mutant/A2_MHV_AxA_0016_Ceta_3300_3632.png,mutant
/home/ascott10/documents/school/capstone/mutant/A2_MHV_AxA_0041_Ceta_2708_1488.png,mutant
/home/ascott10/documents/school/capstone/mutant/A2_MHV_AxA_0087_Ceta_3421_3702.png,mutant
/home/ascott10/documents/school/capstone/mutant/A2_MHV_AxA_0002_Ceta_3031_497.png,mutant
/home/ascott10/documents/school/capstone/mutant/A2_MHV_AxA_0091_Ceta_1831_1667.png,mutant
/home/ascott10/documents/school/capstone/mutant/A2_MHV_AxA_0032_Ceta_2036_3025.png,mutant
/home/ascott10/documents/school/capstone/mutant/A2_MHV_AxA_0085_Ceta_441_3480.png,mutant
/home/ascott10/documents/school/capstone/mutant/A2_MHV_AxA_0071_Ceta_2037_3129.png,mutant
/home/ascott10/documents/school/capstone/mutant/A2_MHV_AxA_0071_Ceta_1414_760.png,mutant
/home/ascott10/documents/school/capstone/mutant/A2_MHV_AxA_0061_Ceta_388_902.png,mutant
/home/ascott10/documents/school/capstone/mutant/A2_MHV_AxA_0031_Ceta_540_978.png,mutant
/home/ascott10/documents/school/capstone/mutant/A2_MHV_AxA_0086_Ceta_2637_2718.png,mutant
/home/ascott10/documents/school/capstone/mutant/A2_MHV_AxA_0017_Ceta_2375_1631.png,mutant
/home/ascott10/documents/school/capstone/mutant/A2_MHV_AxA_0060_Ceta_1505_2570.png,mutant
/home/ascott10/documents/school/capstone/mutant/A2_MHV_AxA_0040_Ceta_1667_508.png,mutant
/home/ascott10/documents/school/capstone/mutant/A2_MHV_AxA_0054_Ceta_1854_3450.png,mutant
/home/ascott10/documents/school/capstone/mutant/A2_MHV_AxA_0055_Ceta_869_205.png,mutant
/home/ascott10/documents/school/capstone/mutant/A2_MHV_AxA_0011_Ceta_3270_3051.png,mutant
/home/ascott10/documents/school/capstone/mutant/A2_MHV_AxA_0088_Ceta_3276_3535.png,mutant
/home/ascott10/documents/school/capstone/mutant/A2_MHV_AxA_0063_Ceta_3431_2995.png,mutant
/home/ascott10/documents/school/capstone/mutant/A2_MHV_AxA_0065_Ceta_3010_3157.png,mutant
/home/ascott10/documents/school/capstone/mutant/A2_MHV_AxA_0007_Ceta_3083_3702.png,mutant
/home/ascott10/documents/school/capstone/mutant/A2_MHV_AxA_0088_Ceta_2315_794.png,mutant
/home/ascott10/documents/school/capstone/mutant/A2_MHV_AxA_0067_Ceta_2254_505.png,mutant
/home/ascott10/documents/school/capstone/mutant/A2_MHV_AxA_0065_Ceta_258_3507.png,mutant
/home/ascott10/documents/school/capstone/mutant/A2_MHV_AxA_0024_Ceta_1526_2804.png,mutant
/home/ascott10/documents/school/capstone/mutant/A2_MHV_AxA_0048_Ceta_1318_2914.png,mutant
/home/ascott10/documents/school/capstone/mutant/A2_MHV_AxA_0031_Ceta_2653_1832.png,mutant
/home/ascott10/documents/school/capstone/mutant/A2_MHV_AxA_0095_Ceta_1603_2824.png,mutant
/home/ascott10/documents/school/capstone/mutant/A2_MHV_AxA_0051_Ceta_2415_1271.png,mutant
/home/ascott10/documents/school/capstone/mutant/A2_MHV_AxA_0061_Ceta_3007_371.png,mutant
/home/ascott10/documents/school/capstone/mutant/A2_MHV_AxA_0043_Ceta_2001_3616.png,mutant
/home/ascott10/documents/school/capstone/mutant/A2_MHV_AxA_0060_Ceta_838_1423.png,mutant
/home/ascott10/documents/school/capstone/mutant/A2_MHV_AxA_0063_Ceta_2531_1658.png,mutant
/home/ascott10/documents/school/capstone/mutant/A2_MHV_AxA_0072_Ceta_419_1689.png,mutant
/home/ascott10/documents/school/capstone/mutant/A2_MHV_AxA_0005_Ceta_230_1857.png,mutant
/home/ascott10/documents/school/capstone/mutant/A2_MHV_AxA_0097_Ceta_2259_1534.png,mutant
/home/ascott10/documents/school/capstone/mutant/A2_MHV_AxA_0029_Ceta_2567_1499.png,mutant
/home/ascott10/documents/school/capstone/mutant/A2_MHV_AxA_0005_Ceta_2898_2423.png,mutant
/home/ascott10/documents/school/capstone/mutant/A2_MHV_AxA_0010_Ceta_389_2510.png,mutant
/home/ascott10/documents/school/capstone/mutant/A2_MHV_AxA_0001_Ceta_208_411.png,mutant
/home/ascott10/documents/school/capstone/mutant/A2_MHV_AxA_0006_Ceta_1323_2399.png,mutant
/home/ascott10/documents/school/capstone/wt/MHVWT_A70051_1629_2117.png,wildtype
/home/ascott10/documents/school/capstone/wt/MHVWT_A70079_2229_1182.png,wildtype
/home/ascott10/documents/school/capstone/wt/MHVWT_A70027_684_1194.png,wildtype
/home/ascott10/documents/school/capstone/wt/MHVWT_A70033_873_2868.png,wildtype
/home/ascott10/documents/school/capstone/wt/MHVWT_A70005_1043_2335.png,wildtype
/home/ascott10/documents/school/capstone/wt/MHVWT_A70080_1682_2823.png,wildtype
/home/ascott10/documents/school/capstone/wt/MHVWT_A70084_0_3618.png,wildtype
/home/ascott10/documents/school/capstone/wt/MHVWT_A70053_1674_2490.png,wildtype
/home/ascott10/documents/school/capstone/wt/MHVWT_A70083_336_833.png,wildtype
/home/ascott10/documents/school/capstone/wt/MHVWT_A70034_3381_2762.png,wildtype
/home/ascott10/documents/school/capstone/wt/MHVWT_A70061_3408_2051.png,wildtype
/home/ascott10/documents/school/capstone/wt/MHVWT_A70006_1794_655.png,wildtype
/home/ascott10/documents/school/capstone/wt/MHVWT_A70016_1200_1292.png,wildtype
/home/ascott10/documents/school/capstone/wt/MHVWT_A70048_539_3552.png,wildtype
/home/ascott10/documents/school/capstone/wt/MHVWT_A70052_428_1111.png,wildtype
/home/ascott10/documents/school/capstone/wt/MHVWT_A70081_1232_934.png,wildtype
/home/ascott10/documents/school/capstone/wt/MHVWT_A70006_3394_622.png,wildtype
/home/ascott10/documents/school/capstone/wt/MHVWT_A70037_1546_3385.png,wildtype
/home/ascott10/documents/school/capstone/wt/MHVWT_A70037_2252_1884.png,wildtype
/home/ascott10/documents/school/capstone/wt/MHVWT_A70050_3047_1978.png,wildtype
/home/ascott10/documents/school/capstone/wt/MHVWT_A70024_1012_1650.png,wildtype
/home/ascott10/documents/school/capstone/wt/MHVWT_A70018_3029_1582.png,wildtype
/home/ascott10/documents/school/capstone/wt/MHVWT_A70063_1740_638.png,wildtype
/home/ascott10/documents/school/capstone/wt/MHVWT_A70065_139_1956.png,wildtype
/home/ascott10/documents/school/capstone/wt/MHVWT_A70052_2202_1395.png,wildtype
/home/ascott10/documents/school/capstone/wt/MHVWT_A70088_1866_2942.png,wildtype
/home/ascott10/documents/school/capstone/wt/MHVWT_A70066_3403_466.png,wildtype
/home/ascott10/documents/school/capstone/wt/MHVWT_A70078_2491_213.png,wildtype
/home/ascott10/documents/school/capstone/wt/MHVWT_A70039_2030_1656.png,wildtype
/home/ascott10/documents/school/capstone/wt/MHVWT_A70091_308_3388.png,wildtype
/home/ascott10/documents/school/capstone/wt/MHVWT_A70070_1613_3696.png,wildtype
/home/ascott10/documents/school/capstone/wt/MHVWT_A70028_2435_2840.png,wildtype
/home/ascott10/documents/school/capstone/wt/MHVWT_A70076_2560_2905.png,wildtype
/home/ascott10/documents/school/capstone/wt/MHVWT_A70032_0_794.png,wildtype
/home/ascott10/documents/school/capstone/wt/MHVWT_A70035_1468_3702.png,wildtype
/home/ascott10/documents/school/capstone/wt/MHVWT_A70074_1073_622.png,wildtype
/home/ascott10/documents/school/capstone/wt/MHVWT_A70024_0_3685.png,wildtype
/home/ascott10/documents/school/capstone/wt/MHVWT_A70090_3052_3029.png,wildtype
/home/ascott10/documents/school/capstone/wt/MHVWT_A70076_717_3702.png,wildtype
/home/ascott10/documents/school/capstone/wt/MHVWT_A70091_3102_240.png,wildtype
/home/ascott10/documents/school/capstone/wt/MHVWT_A70029_573_722.png,wildtype
/home/ascott10/documents/school/capstone/wt/MHVWT_A70072_734_1978.png,wildtype
/home/ascott10/documents/school/capstone/wt/MHVWT_A70052_2447_2640.png,wildtype
/home/ascott10/documents/school/capstone/wt/MHVWT_A70076_1347_323.png,wildtype
/home/ascott10/documents/school/capstone/wt/MHVWT_A70044_2947_861.png,wildtype
/home/ascott10/documents/school/capstone/wt/MHVWT_A70004_859_3032.png,wildtype
/home/ascott10/documents/school/capstone/wt/MHVWT_A70023_2285_844.png,wildtype
/home/ascott10/documents/school/capstone/wt/MHVWT_A70035_2524_1383.png,wildtype
/home/ascott10/documents/school/capstone/wt/MHVWT_A70081_2215_1908.png,wildtype
/home/ascott10/documents/school/capstone/wt/MHVWT_A70067_562_3685.png,wildtype
/home/ascott10/documents/school/capstone/wt/MHVWT_A70010_589_1973.png,wildtype
/home/ascott10/documents/school/capstone/wt/MHVWT_A70051_2313_2768.png,wildtype
/home/ascott10/documents/school/capstone/wt/MHVWT_A70064_3269_1750.png,wildtype
/home/ascott10/documents/school/capstone/wt/MHVWT_A70021_1918_3140.png,wildtype
/home/ascott10/documents/school/capstone/wt/MHVWT_A70084_1025_594.png,wildtype
/home/ascott10/documents/school/capstone/wt/MHVWT_A70089_1342_2418.png,wildtype
/home/ascott10/documents/school/capstone/wt/MHVWT_A70029_2346_3696.png,wildtype
/home/ascott10/documents/school/capstone/wt/MHVWT_A70021_306_1650.png,wildtype
/home/ascott10/documents/school/capstone/wt/MHVWT_A70087_3277_3098.png,wildtype
/home/ascott10/documents/school/capstone/wt/MHVWT_A70038_400_255.png,wildtype
/home/ascott10/documents/school/capstone/wt/MHVWT_A70055_384_3135.png,wildtype
/home/ascott10/documents/school/capstone/wt/MHVWT_A70007_3127_2982.png,wildtype
/home/ascott10/documents/school/capstone/wt/MHVWT_A70086_3337_2464.png,wildtype
/home/ascott10/documents/school/capstone/wt/MHVWT_A70050_1540_2985.png,wildtype
/home/ascott10/documents/school/capstone/wt/MHVWT_A70003_2229_1733.png,wildtype
/home/ascott10/documents/school/capstone/wt/MHVWT_A70036_1607_3607.png,wildtype
/home/ascott10/documents/school/capstone/wt/MHVWT_A70013_3176_217.png,wildtype
/home/ascott10/documents/school/capstone/wt/MHVWT_A70017_0_787.png,wildtype
/home/ascott10/documents/school/capstone/wt/MHVWT_A70007_2768_2661.png,wildtype
/home/ascott10/documents/school/capstone/wt/MHVWT_A70061_3192_2990.png,wildtype
/home/ascott10/documents/school/capstone/wt/MHVWT_A70005_3269_622.png,wildtype
/home/ascott10/documents/school/capstone/wt/MHVWT_A70027_701_477.png,wildtype
/home/ascott10/documents/school/capstone/wt/MHVWT_A70006_7_948.png,wildtype
/home/ascott10/documents/school/capstone/wt/MHVWT_A70060_3297_2301.png,wildtype
/home/ascott10/documents/school/capstone/wt/MHVWT_A70061_400_922.png,wildtype
/home/ascott10/documents/school/capstone/wt/MHVWT_A70018_1972_2340.png,wildtype
/home/ascott10/documents/school/capstone/wt/MHVWT_A70081_2551_3190.png,wildtype
/home/ascott10/documents/school/capstone/wt/MHVWT_A70088_2909_2551.png,wildtype
/home/ascott10/documents/school/capstone/wt/MHVWT_A70065_0_805.png,wildtype
/home/ascott10/documents/school/capstone/wt/MHVWT_A70091_1025_1109.png,wildtype
/home/ascott10/documents/school/capstone/wt/MHVWT_A70040_2619_2501.png,wildtype
/home/ascott10/documents/school/capstone/wt/MHVWT_A70023_2241_1445.png,wildtype
/home/ascott10/documents/school/capstone/wt/MHVWT_A70015_2611_1040.png,wildtype
/home/ascott10/documents/school/capstone/wt/MHVWT_A70050_1285_611.png,wildtype
/home/ascott10/documents/school/capstone/wt/MHVWT_A70031_0_522.png,wildtype
/home/ascott10/documents/school/capstone/wt/MHVWT_A70068_72_3685.png,wildtype
/home/ascott10/documents/school/capstone/wt/MHVWT_A70031_473_3596.png,wildtype
/home/ascott10/documents/school/capstone/wt/MHVWT_A70069_2169_1812.png,wildtype
/home/ascott10/documents/school/capstone/wt/MHVWT_A70030_2902_3557.png,wildtype
/home/ascott10/documents/school/capstone/wt/MHVWT_A70041_1974_3363.png,wildtype
/home/ascott10/documents/school/capstone/wt/MHVWT_A70026_1346_1061.png,wildtype
/home/ascott10/documents/school/capstone/wt/MHVWT_A70092_3240_3167.png,wildtype
/home/ascott10/documents/school/capstone/wt/MHVWT_A70071_1635_2996.png,wildtype
/home/ascott10/documents/school/capstone/wt/MHVWT_A70035_3230_410.png,wildtype
/home/ascott10/documents/school/capstone/wt/MHVWT_A70056_1579_3391.png,wildtype
/home/ascott10/documents/school/capstone/wt/MHVWT_A70086_14_3356.png,wildtype
/home/ascott10/documents/school/capstone/wt/MHVWT_A70017_3180_2928.png,wildtype
/home/ascott10/documents/school/capstone/wt/MHVWT_A70082_2362_1136.png,wildtype
/home/ascott10/documents/school/capstone/wt/MHVWT_A70062_3169_310.png,wildtype
/home/ascott10/documents/school/capstone/wt/MHVWT_A70027_1390_1089.png,wildtype
/home/ascott10/documents/school/capstone/wt/MHVWT_A70060_2463_1278.png,wildtype
/home/ascott10/documents/school/capstone/wt/MHVWT_A70082_2496_1674.png,wildtype
/home/ascott10/documents/school/capstone/wt/MHVWT_A70047_3358_3652.png,wildtype
/home/ascott10/documents/school/capstone/wt/MHVWT_A70074_3130_3168.png,wildtype
/home/ascott10/documents/school/capstone/wt/MHVWT_A70033_3225_933.png,wildtype
/home/ascott10/documents/school/capstone/wt/MHVWT_A70006_3227_167.png,wildtype
/home/ascott10/documents/school/capstone/wt/MHVWT_A70007_2814_1144.png,wildtype
/home/ascott10/documents/school/capstone/wt/MHVWT_A70008_3070_2850.png,wildtype
/home/ascott10/documents/school/capstone/wt/MHVWT_A70012_2243_2937.png,wildtype
/home/ascott10/documents/school/capstone/wt/MHVWT_A70039_812_1395.png,wildtype
/home/ascott10/documents/school/capstone/wt/MHVWT_A70009_855_2795.png,wildtype
/home/ascott10/documents/school/capstone/wt/MHVWT_A70070_1968_683.png,wildtype
/home/ascott10/documents/school/capstone/wt/MHVWT_A70091_2588_2896.png,wildtype
/home/ascott10/documents/school/capstone/wt/MHVWT_A70013_2013_419.png,wildtype
/home/ascott10/documents/school/capstone/wt/MHVWT_A70016_1255_1807.png,wildtype
/home/ascott10/documents/school/capstone/wt/MHVWT_A70056_601_1817.png,wildtype
/home/ascott10/documents/school/capstone/wt/MHVWT_A70072_879_1639.png,wildtype
/home/ascott10/documents/school/capstone/wt/MHVWT_A70054_412_355.png,wildtype
/home/ascott10/documents/school/capstone/wt/MHVWT_A70054_812_2112.png,wildtype
/home/ascott10/documents/school/capstone/wt/MHVWT_A70083_1393_3466.png,wildtype
/home/ascott10/documents/school/capstone/wt/MHVWT_A70077_1329_645.png,wildtype
/home/ascott10/documents/school/capstone/wt/MHVWT_A70086_3015_410.png,wildtype
/home/ascott10/documents/school/capstone/wt/MHVWT_A70065_1123_233.png,wildtype
/home/ascott10/documents/school/capstone/wt/MHVWT_A70048_3142_1795.png,wildtype
/home/ascott10/documents/school/capstone/wt/MHVWT_A70063_3119_3396.png,wildtype
/home/ascott10/documents/school/capstone/wt/MHVWT_A70014_0_1403.png,wildtype
/home/ascott10/documents/school/capstone/wt/MHVWT_A70045_3197_2128.png,wildtype
/home/ascott10/documents/school/capstone/wt/MHVWT_A70065_3397_2329.png,wildtype
/home/ascott10/documents/school/capstone/wt/MHVWT_A70063_845_3541.png,wildtype
/home/ascott10/documents/school/capstone/wt/MHVWT_A70006_504_1198.png,wildtype
/home/ascott10/documents/school/capstone/wt/MHVWT_A70001_2037_480.png,wildtype
/home/ascott10/documents/school/capstone/wt/MHVWT_A70087_74_962.png,wildtype
/home/ascott10/documents/school/capstone/wt/MHVWT_A70027_1023_2440.png,wildtype
/home/ascott10/documents/school/capstone/wt/MHVWT_A70051_456_722.png,wildtype
/home/ascott10/documents/school/capstone/wt/MHVWT_A70041_1095_1589.png,wildtype
/home/ascott10/documents/school/capstone/wt/MHVWT_A70002_1535_396.png,wildtype
/home/ascott10/documents/school/capstone/wt/MHVWT_A70055_1879_3513.png,wildtype
/home/ascott10/documents/school/capstone/wt/MHVWT_A70029_1590_349.png,wildtype
/home/ascott10/documents/school/capstone/wt/MHVWT_A70078_1618_1476.png,wildtype
/home/ascott10/documents/school/capstone/wt/MHVWT_A70093_786_2156.png,wildtype
/home/ascott10/documents/school/capstone/wt/MHVWT_A70053_829_989.png,wildtype
/home/ascott10/documents/school/capstone/wt/MHVWT_A70073_3331_1244.png,wildtype
/home/ascott10/documents/school/capstone/wt/MHVWT_A70034_1112_1072.png,wildtype
/home/ascott10/documents/school/capstone/wt/MHVWT_A70067_1023_1684.png,wildtype
/home/ascott10/documents/school/capstone/wt/MHVWT_A70061_0_1845.png,wildtype
/home/ascott10/documents/school/capstone/wt/MHVWT_A70007_817_3254.png,wildtype
/home/ascott10/documents/school/capstone/wt/MHVWT_A70088_1453_1614.png,wildtype
/home/ascott10/documents/school/capstone/wt/MHVWT_A70066_223_2851.png,wildtype
/home/ascott10/documents/school/capstone/wt/MHVWT_A70032_1107_3329.png,wildtype
/home/ascott10/documents/school/capstone/wt/MHVWT_A70086_2900_2234.png,wildtype
/home/ascott10/documents/school/capstone/wt/MHVWT_A70051_678_1617.png,wildtype
/home/ascott10/documents/school/capstone/wt/MHVWT_A70080_2160_989.png,wildtype
/home/ascott10/documents/school/capstone/wt/MHVWT_A70025_2391_3329.png,wildtype
/home/ascott10/documents/school/capstone/wt/MHVWT_A70045_1574_1828.png,wildtype
/home/ascott10/documents/school/capstone/wt/MHVWT_A70077_1420_1807.png,wildtype
/home/ascott10/documents/school/capstone/wt/MHVWT_A70011_1549_1485.png,wildtype
/home/ascott10/documents/school/capstone/wt/MHVWT_A70056_2636_3407.png,wildtype
/home/ascott10/documents/school/capstone/wt/MHVWT_A70093_465_3034.png,wildtype
/home/ascott10/documents/school/capstone/wt/MHVWT_A70092_671_346.png,wildtype
/home/ascott10/documents/school/capstone/wt/MHVWT_A70017_2496_1835.png,wildtype
/home/ascott10/documents/school/capstone/wt/MHVWT_A70010_2119_1251.png,wildtype
/home/ascott10/documents/school/capstone/wt/MHVWT_A70071_2802_1300.png,wildtype
/home/ascott10/documents/school/capstone/wt/MHVWT_A70041_2574_2640.png,wildtype
/home/ascott10/documents/school/capstone/wt/MHVWT_A70074_1134_3502.png,wildtype
/home/ascott10/documents/school/capstone/wt/MHVWT_A70046_3069_183.png,wildtype
/home/ascott10/documents/school/capstone/wt/MHVWT_A70044_95_1572.png,wildtype
/home/ascott10/documents/school/capstone/wt/MHVWT_A70055_1946_894.png,wildtype
/home/ascott10/documents/school/capstone/wt/MHVWT_A70001_3002_1457.png,wildtype
/home/ascott10/documents/school/capstone/wt/MHVWT_A70035_0_1100.png,wildtype
/home/ascott10/documents/school/capstone/wt/MHVWT_A70036_2658_544.png,wildtype
/home/ascott10/documents/school/capstone/wt/MHVWT_A70058_2953_238.png,wildtype
/home/ascott10/documents/school/capstone/wt/MHVWT_A70025_2886_3502.png,wildtype
/home/ascott10/documents/school/capstone/wt/MHVWT_A70035_534_188.png,wildtype
/home/ascott10/documents/school/capstone/wt/MHVWT_A70003_926_1386.png,wildtype
/home/ascott10/documents/school/capstone/wt/MHVWT_A70041_3208_3674.png,wildtype
/home/ascott10/documents/school/capstone/wt/MHVWT_A70057_3192_1183.png,wildtype
/home/ascott10/documents/school/capstone/wt/MHVWT_A70003_1368_848.png,wildtype
/home/ascott10/documents/school/capstone/wt/MHVWT_A70081_1898_1283.png,wildtype
/home/ascott10/documents/school/capstone/wt/MHVWT_A70056_2791_661.png,wildtype
/home/ascott10/documents/school/capstone/wt/MHVWT_A70038_1279_3680.png,wildtype
/home/ascott10/documents/school/capstone/wt/MHVWT_A70010_1600_1605.png,wildtype
/home/ascott10/documents/school/capstone/wt/MHVWT_A70046_412_1800.png,wildtype
/home/ascott10/documents/school/capstone/wt/MHVWT_A70002_1498_1011.png,wildtype
/home/ascott10/documents/school/capstone/wt/MHVWT_A70008_198_452.png,wildtype
/home/ascott10/documents/school/capstone/wt/MHVWT_A70059_1918_2462.png,wildtype
/home/ascott10/documents/school/capstone/wt/MHVWT_A70093_2114_3700.png,wildtype
/home/ascott10/documents/school/capstone/wt/MHVWT_A70052_195_1862.png,wildtype
/home/ascott10/documents/school/capstone/wt/MHVWT_A70020_2905_3590.png,wildtype
/home/ascott10/documents/school/capstone/wt/MHVWT_A70062_3447_672.png,wildtype
/home/ascott10/documents/school/capstone/wt/MHVWT_A70019_717_2377.png,wildtype
/home/ascott10/documents/school/capstone/wt/MHVWT_A70029_1290_2106.png,wildtype
/home/ascott10/documents/school/capstone/wt/MHVWT_A70006_3052_1483.png,wildtype
/home/ascott10/documents/school/capstone/wt/MHVWT_A70029_651_2723.png,wildtype
/home/ascott10/documents/school/capstone/wt/MHVWT_A70009_1535_626.png,wildtype
/home/ascott10/documents/school/capstone/wt/MHVWT_A70014_869_2818.png,wildtype
/home/ascott10/documents/school/capstone/wt/MHVWT_A70086_3047_851.png,wildtype
/home/ascott10/documents/school/capstone/wt/MHVWT_A70093_1131_1380.png,wildtype
/home/ascott10/documents/school/capstone/wt/MHVWT_A70028_2080_3063.png,wildtype
/home/ascott10/documents/school/capstone/wt/MHVWT_A70071_1373_1461.png,wildtype
/home/ascott10/documents/school/capstone/wt/MHVWT_A70067_2908_2323.png,wildtype
/home/ascott10/documents/school/capstone/wt/MHVWT_A70021_3114_1083.png,wildtype
/home/ascott10/documents/school/capstone/wt/MHVWT_A70080_2496_2294.png,wildtype
/home/ascott10/documents/school/capstone/wt/MHVWT_A70031_1807_2835.png,wildtype
/home/ascott10/documents/school/capstone/wt/MHVWT_A70049_39_2112.png,wildtype
/home/ascott10/documents/school/capstone/wt/MHVWT_A70044_2458_3452.png,wildtype
/home/ascott10/documents/school/capstone/wt/MHVWT_A70032_206_2618.png,wildtype
/home/ascott10/documents/school/capstone/wt/MHVWT_A70021_517_3074.png,wildtype
/home/ascott10/documents/school/capstone/wt/MHVWT_A70072_1696_3424.png,wildtype
/home/ascott10/documents/school/capstone/wt/MHVWT_A70021_1607_1200.png,wildtype
/home/ascott10/documents/school/capstone/wt/MHVWT_A70038_1707_2762.png,wildtype
/home/ascott10/documents/school/capstone/wt/MHVWT_A70007_144_852.png,wildtype
/home/ascott10/documents/school/capstone/wt/MHVWT_A70043_1446_2418.png,wildtype
/home/ascott10/documents/school/capstone/wt/MHVWT_A70054_1702_3218.png,wildtype
/home/ascott10/documents/school/capstone/wt/MHVWT_A70082_3323_2726.png,wildtype
/home/ascott10/documents/school/capstone/wt/MHVWT_A70020_1912_851.png,wildtype
/home/ascott10/documents/school/capstone/wt/MHVWT_A70052_2819_1117.png,wildtype
/home/ascott10/documents/school/capstone/wt/MHVWT_A70040_189_1261.png,wildtype
/home/ascott10/documents/school/capstone/wt/MHVWT_A70047_50_1211.png,wildtype
/home/ascott10/documents/school/capstone/wt/MHVWT_A70090_2551_810.png,wildtype
/home/ascott10/documents/school/capstone/wt/MHVWT_A70015_671_943.png,wildtype
/home/ascott10/documents/school/capstone/wt/MHVWT_A70009_616_3181.png,wildtype
/home/ascott10/documents/school/capstone/wt/MHVWT_A70041_273_794.png,wildtype
/home/ascott10/documents/school/capstone/wt/MHVWT_A70087_235_557.png,wildtype
/home/ascott10/documents/school/capstone/wt/MHVWT_A70088_501_295.png,wildtype
/home/ascott10/documents/school/capstone/wt/MHVWT_A70002_0_2828.png,wildtype
/home/ascott10/documents/school/capstone/wt/MHVWT_A70007_2667_3116.png,wildtype
/home/ascott10/documents/school/capstone/wt/MHVWT_A70058_1440_527.png,wildtype
/home/ascott10/documents/school/capstone/wt/MHVWT_A70011_676_3107.png,wildtype
/home/ascott10/documents/school/capstone/wt/MHVWT_A70063_3203_2868.png,wildtype
/home/ascott10/documents/school/capstone/wt/MHVWT_A70090_1503_272.png,wildtype
/home/ascott10/documents/school/capstone/wt/MHVWT_A70067_3342_305.png,wildtype
/home/ascott10/documents/school/capstone/wt/MHVWT_A70076_1875_1945.png,wildtype
/home/ascott10/documents/school/capstone/wt/MHVWT_A70075_1140_2012.png,wildtype
/home/ascott10/documents/school/capstone/wt/MHVWT_A70036_145_1873.png,wildtype
/home/ascott10/documents/school/capstone/wt/MHVWT_A70012_2252_2267.png,wildtype
/home/ascott10/documents/school/capstone/wt/MHVWT_A70073_161_2334.png,wildtype
/home/ascott10/documents/school/capstone/wt/MHVWT_A70092_557_2046.png,wildtype
/home/ascott10/documents/school/capstone/wt/MHVWT_A70006_900_3220.png,wildtype
/home/ascott10/documents/school/capstone/wt/MHVWT_A70018_0_2354.png,wildtype
/home/ascott10/documents/school/capstone/wt/MHVWT_A70090_350_957.png,wildtype
/home/ascott10/documents/school/capstone/wt/MHVWT_A70091_2165_3268.png,wildtype
/home/ascott10/documents/school/capstone/wt/MHVWT_A70019_1103_3144.png,wildtype
/home/ascott10/documents/school/capstone/wt/MHVWT_A70011_1931_1178.png,wildtype
/home/ascott10/documents/school/capstone/wt/MHVWT_A70080_2872_879.png,wildtype
/home/ascott10/documents/school/capstone/wt/MHVWT_A70090_396_3016.png,wildtype
/home/ascott10/documents/school/capstone/wt/MHVWT_A70012_1710_3094.png,wildtype
/home/ascott10/documents/school/capstone/wt/MHVWT_A70002_3294_3325.png,wildtype
/home/ascott10/documents/school/capstone/wt/MHVWT_A70049_912_772.png,wildtype
/home/ascott10/documents/school/capstone/wt/MHVWT_A70006_2759_2201.png,wildtype
/home/ascott10/documents/school/capstone/wt/MHVWT_A70052_1613_711.png,wildtype
/home/ascott10/documents/school/capstone/wt/MHVWT_A70065_423_3163.png,wildtype
/home/ascott10/documents/school/capstone/wt/MHVWT_A70068_884_733.png,wildtype
/home/ascott10/documents/school/capstone/wt/MHVWT_A70086_1839_236.png,wildtype
/home/ascott10/documents/school/capstone/wt/MHVWT_A70086_2974_2579.png,wildtype
/home/ascott10/documents/school/capstone/wt/MHVWT_A70072_2369_983.png,wildtype
/home/ascott10/documents/school/capstone/wt/MHVWT_A70027_2808_1133.png,wildtype
/home/ascott10/documents/school/capstone/wt/MHVWT_A70012_1071_819.png,wildtype
/home/ascott10/documents/school/capstone/wt/MHVWT_A70085_1710_2372.png,wildtype
/home/ascott10/documents/school/capstone/wt/MHVWT_A70002_2780_488.png,wildtype
/home/ascott10/documents/school/capstone/wt/MHVWT_A70070_1896_155.png,wildtype
/home/ascott10/documents/school/capstone/wt/MHVWT_A70004_1515_2782.png,wildtype
/home/ascott10/documents/school/capstone/wt/MHVWT_A70013_60_2538.png,wildtype
/home/ascott10/documents/school/capstone/wt/MHVWT_A70019_1416_295.png,wildtype
/home/ascott10/documents/school/capstone/wt/MHVWT_A70064_862_338.png,wildtype
/home/ascott10/documents/school/capstone/wt/MHVWT_A70079_1434_1251.png,wildtype
/home/ascott10/documents/school/capstone/wt/MHVWT_A70037_2196_772.png,wildtype
/home/ascott10/documents/school/capstone/wt/MHVWT_A70030_940_705.png,wildtype
/home/ascott10/documents/school/capstone/wt/MHVWT_A70075_3208_800.png,wildtype
/home/ascott10/documents/school/capstone/wt/MHVWT_A70088_410_3539.png,wildtype
/home/ascott10/documents/school/capstone/wt/MHVWT_A70079_2624_3057.png,wildtype
/home/ascott10/documents/school/capstone/wt/MHVWT_A70056_2146_422.png,wildtype
/home/ascott10/documents/school/capstone/wt/MHVWT_A70062_0_2078.png,wildtype
/home/ascott10/documents/school/capstone/wt/MHVWT_A70037_1557_2718.png,wildtype
/home/ascott10/documents/school/capstone/wt/MHVWT_A70011_189_3190.png,wildtype
/home/ascott10/documents/school/capstone/wt/MHVWT_A70028_1635_3630.png,wildtype
/home/ascott10/documents/school/capstone/wt/MHVWT_A70022_2602_377.png,wildtype
/home/ascott10/documents/school/capstone/wt/MHVWT_A70022_28_2640.png,wildtype
/home/ascott10/documents/school/capstone/wt/MHVWT_A70042_1301_1333.png,wildtype
/home/ascott10/documents/school/capstone/wt/MHVWT_A70081_1508_3006.png,wildtype
/home/ascott10/documents/school/capstone/wt/MHVWT_A70058_3336_483.png,wildtype
/home/ascott10/documents/school/capstone/wt/MHVWT_A70066_1896_1750.png,wildtype
/home/ascott10/documents/school/capstone/wt/MHVWT_A70038_0_1228.png,wildtype
/home/ascott10/documents/school/capstone/wt/MHVWT_A70090_1623_3094.png,wildtype
/home/ascott10/documents/school/capstone/wt/MHVWT_A70020_966_1187.png,wildtype
/home/ascott10/documents/school/capstone/wt/MHVWT_A70048_2458_2051.png,wildtype
/home/ascott10/documents/school/capstone/wt/MHVWT_A70084_3369_1642.png,wildtype
/home/ascott10/documents/school/capstone/wt/MHVWT_A70039_1373_3296.png,wildtype
/home/ascott10/documents/school/capstone/wt/MHVWT_A70077_1613_3443.png,wildtype
/home/ascott10/documents/school/capstone/wt/MHVWT_A70089_382_291.png,wildtype
/home/ascott10/documents/school/capstone/wt/MHVWT_A70089_814_3094.png,wildtype
/home/ascott10/documents/school/capstone/wt/MHVWT_A70048_2380_1728.png,wildtype
/home/ascott10/documents/school/capstone/wt/MHVWT_A70074_456_1856.png,wildtype
/home/ascott10/documents/school/capstone/wt/MHVWT_A70082_1085_2731.png,wildtype
/home/ascott10/documents/school/capstone/wt/MHVWT_A70068_3292_2284.png,wildtype
/home/ascott10/documents/school/capstone/wt/MHVWT_A70008_2316_3516.png,wildtype
/home/ascott10/documents/school/capstone/wt/MHVWT_A70025_1412_3435.png,wildtype
/home/ascott10/documents/school/capstone/wt/MHVWT_A70033_1957_2034.png,wildtype
/home/ascott10/documents/school/capstone/wt/MHVWT_A70078_3323_2299.png,wildtype
/home/ascott10/documents/school/capstone/wt/MHVWT_A70035_289_3057.png,wildtype
/home/ascott10/documents/school/capstone/wt/MHVWT_A70044_1051_2234.png,wildtype
/home/ascott10/documents/school/capstone/wt/MHVWT_A70018_1940_2836.png,wildtype
/home/ascott10/documents/school/capstone/wt/MHVWT_A70018_1889_1917.png,wildtype
/home/ascott10/documents/school/capstone/wt/MHVWT_A70059_3175_477.png,wildtype
/home/ascott10/documents/school/capstone/wt/MHVWT_A70046_545_883.png,wildtype
/home/ascott10/documents/school/capstone/wt/MHVWT_A70001_1418_3325.png,wildtype
/home/ascott10/documents/school/capstone/wt/MHVWT_A70080_1333_672.png,wildtype
/home/ascott10/documents/school/capstone/wt/MHVWT_A70001_646_2460.png,wildtype
/home/ascott10/documents/school/capstone/wt/MHVWT_A70067_1768_416.png,wildtype
/home/ascott10/documents/school/capstone/wt/MHVWT_A70058_717_3663.png,wildtype
/home/ascott10/documents/school/capstone/wt/MHVWT_A70021_1218_1545.png,wildtype
/home/ascott10/documents/school/capstone/wt/MHVWT_A70043_2057_544.png,wildtype
/home/ascott10/documents/school/capstone/wt/MHVWT_A70081_1476_1541.png,wildtype
/home/ascott10/documents/school/capstone/wt/MHVWT_A70014_1191_1780.png,wildtype
/home/ascott10/documents/school/capstone/wt/MHVWT_A70050_467_944.png,wildtype
/home/ascott10/documents/school/capstone/wt/MHVWT_A70026_1095_1845.png,wildtype
/home/ascott10/documents/school/capstone/wt/MHVWT_A70078_2294_2046.png,wildtype
/home/ascott10/documents/school/capstone/wt/MHVWT_A70073_389_3429.png,wildtype
/home/ascott10/documents/school/capstone/wt/MHVWT_A70006_1343_1696.png,wildtype
/home/ascott10/documents/school/capstone/wt/MHVWT_A70073_1879_683.png,wildtype
/home/ascott10/documents/school/capstone/wt/MHVWT_A70075_1373_2512.png,wildtype
/home/ascott10/documents/school/capstone/wt/MHVWT_A70031_3197_271.png,wildtype
/home/ascott10/documents/school/capstone/wt/MHVWT_A70027_2291_1039.png,wildtype
/home/ascott10/documents/school/capstone/wt/MHVWT_A70002_445_509.png,wildtype
/home/ascott10/documents/school/capstone/wt/MHVWT_A70005_0_3316.png,wildtype
/home/ascott10/documents/school/capstone/wt/MHVWT_A70040_523_811.png,wildtype
/home/ascott10/documents/school/capstone/wt/MHVWT_A70088_3075_2988.png,wildtype
/home/ascott10/documents/school/capstone/wt/MHVWT_A70019_2004_3186.png,wildtype
/home/ascott10/documents/school/capstone/wt/MHVWT_A70011_2666_387.png,wildtype
/home/ascott10/documents/school/capstone/wt/MHVWT_A70083_3190_2726.png,wildtype
/home/ascott10/documents/school/capstone/wt/MHVWT_A70045_801_355.png,wildtype
/home/ascott10/documents/school/capstone/wt/MHVWT_A70059_1051_2773.png,wildtype
/home/ascott10/documents/school/capstone/wt/MHVWT_A70057_2825_1534.png,wildtype
/home/ascott10/documents/school/capstone/wt/MHVWT_A70002_1055_534.png,wildtype
/home/ascott10/documents/school/capstone/wt/MHVWT_A70027_0_1333.png,wildtype
/home/ascott10/documents/school/capstone/wt/MHVWT_A70023_0_1767.png,wildtype
/home/ascott10/documents/school/capstone/wt/MHVWT_A70040_3169_3246.png,wildtype
/home/ascott10/documents/school/capstone/wt/MHVWT_A70022_3392_2006.png,wildtype
/home/ascott10/documents/school/capstone/wt/MHVWT_A70068_3153_1506.png,wildtype
/home/ascott10/documents/school/capstone/wt/MHVWT_A70022_1012_3146.png,wildtype
/home/ascott10/documents/school/capstone/wt/MHVWT_A70020_175_2143.png,wildtype
/home/ascott10/documents/school/capstone/wt/MHVWT_A70041_3069_1745.png,wildtype
/home/ascott10/documents/school/capstone/wt/MHVWT_A70046_1985_3607.png,wildtype
/home/ascott10/documents/school/capstone/wt/MHVWT_A70046_2919_677.png,wildtype
/home/ascott10/documents/school/capstone/wt/MHVWT_A70042_56_1567.png,wildtype
/home/ascott10/documents/school/capstone/wt/MHVWT_A70085_929_957.png,wildtype
/home/ascott10/documents/school/capstone/wt/MHVWT_A70044_0_3468.png,wildtype
/home/ascott10/documents/school/capstone/wt/MHVWT_A70043_840_2935.png,wildtype
/home/ascott10/documents/school/capstone/wt/MHVWT_A70062_717_989.png,wildtype
/home/ascott10/documents/school/capstone/wt/MHVWT_A70041_2435_555.png,wildtype
/home/ascott10/documents/school/capstone/wt/MHVWT_A70035_2636_3446.png,wildtype
/home/ascott10/documents/school/capstone/wt/MHVWT_A70042_1184_2167.png,wildtype
/home/ascott10/documents/school/capstone/wt/MHVWT_A70032_823_3663.png,wildtype
/home/ascott10/documents/school/capstone/wt/MHVWT_A70035_1529_666.png,wildtype
/home/ascott10/documents/school/capstone/wt/MHVWT_A70093_2151_484.png,wildtype
/home/ascott10/documents/school/capstone/wt/MHVWT_A70080_2799_3287.png,wildtype
/home/ascott10/documents/school/capstone/wt/MHVWT_A70042_3164_2846.png,wildtype
/home/ascott10/documents/school/capstone/wt/MHVWT_A70003_2266_3212.png,wildtype
/home/ascott10/documents/school/capstone/wt/MHVWT_A70013_3350_1839.png,wildtype
/home/ascott10/documents/school/capstone/wt/MHVWT_A70046_1935_566.png,wildtype
/home/ascott10/documents/school/capstone/wt/MHVWT_A70072_2536_2662.png,wildtype
/home/ascott10/documents/school/capstone/wt/MHVWT_A70084_359_1959.png,wildtype
/home/ascott10/documents/school/capstone/wt/MHVWT_A70004_2379_1516.png,wildtype
/home/ascott10/documents/school/capstone/wt/MHVWT_A70044_72_716.png,wildtype
/home/ascott10/documents/school/capstone/wt/MHVWT_A70047_2057_1517.png,wildtype
/home/ascott10/documents/school/capstone/wt/MHVWT_A70075_317_1995.png,wildtype
/home/ascott10/documents/school/capstone/wt/MHVWT_A70045_2897_3635.png,wildtype
/home/ascott10/documents/school/capstone/wt/MHVWT_A70034_512_2445.png,wildtype
/home/ascott10/documents/school/capstone/wt/MHVWT_A70049_273_1661.png,wildtype
/home/ascott10/documents/school/capstone/wt/MHVWT_A70004_2358_1094.png,wildtype
/home/ascott10/documents/school/capstone/wt/MHVWT_A70009_1995_957.png,wildtype
/home/ascott10/documents/school/capstone/wt/MHVWT_A70079_1825_2639.png,wildtype
/home/ascott10/documents/school/capstone/wt/MHVWT_A70025_178_966.png,wildtype
/home/ascott10/documents/school/capstone/wt/MHVWT_A70003_825_3358.png,wildtype
/home/ascott10/documents/school/capstone/wt/MHVWT_A70055_3292_2418.png,wildtype
/home/ascott10/documents/school/capstone/wt/MHVWT_A70036_167_1328.png,wildtype
/home/ascott10/documents/school/capstone/wt/MHVWT_A70078_37_2175.png,wildtype
/home/ascott10/documents/school/capstone/wt/MHVWT_A70069_1023_1967.png,wildtype
/home/ascott10/documents/school/capstone/wt/MHVWT_A70026_2141_3163.png,wildtype
/home/ascott10/documents/school/capstone/wt/MHVWT_A70071_2263_3696.png,wildtype
/home/ascott10/documents/school/capstone/wt/MHVWT_A70073_2402_2818.png,wildtype
/home/ascott10/documents/school/capstone/wt/MHVWT_A70065_1512_3680.png,wildtype
/home/ascott10/documents/school/capstone/wt/MHVWT_A70006_0_292.png,wildtype
/home/ascott10/documents/school/capstone/wt/MHVWT_A70028_2591_2295.png,wildtype
/home/ascott10/documents/school/capstone/wt/MHVWT_A70057_156_1395.png,wildtype
/home/ascott10/documents/school/capstone/wt/MHVWT_A70086_0_2712.png,wildtype
/home/ascott10/documents/school/capstone/wt/MHVWT_A70028_1012_2056.png,wildtype
/home/ascott10/documents/school/capstone/wt/MHVWT_A70024_1173_555.png,wildtype
/home/ascott10/documents/school/capstone/wt/MHVWT_A70058_0_1745.png,wildtype
/home/ascott10/documents/school/capstone/wt/MHVWT_A70002_2329_2422.png,wildtype
/home/ascott10/documents/school/capstone/wt/MHVWT_A70045_1590_3157.png,wildtype
/home/ascott10/documents/school/capstone/wt/MHVWT_A70065_834_850.png,wildtype
/home/ascott10/documents/school/capstone/wt/MHVWT_A70093_1264_2763.png,wildtype
/home/ascott10/documents/school/capstone/wt/MHVWT_A70022_0_1973.png,wildtype
/home/ascott10/documents/school/capstone/wt/MHVWT_A70026_1157_3101.png,wildtype
/home/ascott10/documents/school/capstone/wt/MHVWT_A70013_2229_787.png,wildtype
/home/ascott10/documents/school/capstone/wt/MHVWT_A70017_235_3176.png,wildtype
/home/ascott10/documents/school/capstone/wt/MHVWT_A70005_2124_2247.png,wildtype
/home/ascott10/documents/school/capstone/wt/MHVWT_A70007_1434_3668.png,wildtype
/home/ascott10/documents/school/capstone/wt/MHVWT_A70055_67_2273.png,wildtype
/home/ascott10/documents/school/capstone/wt/MHVWT_A70058_1201_2245.png,wildtype
/home/ascott10/documents/school/capstone/wt/MHVWT_A70006_416_797.png,wildtype
/home/ascott10/documents/school/capstone/wt/MHVWT_A70030_856_1623.png,wildtype
/home/ascott10/documents/school/capstone/wt/MHVWT_A70015_1439_3498.png,wildtype
/home/ascott10/documents/school/capstone/wt/MHVWT_A70019_2748_1587.png,wildtype
/home/ascott10/documents/school/capstone/wt/MHVWT_A70013_2091_1458.png,wildtype
/home/ascott10/documents/school/capstone/wt/MHVWT_A70007_2442_2560.png,wildtype
/home/ascott10/documents/school/capstone/wt/MHVWT_A70021_879_399.png,wildtype
/home/ascott10/documents/school/capstone/wt/MHVWT_A70053_2141_2078.png,wildtype
/home/ascott10/documents/school/capstone/wt/MHVWT_A70020_2528_277.png,wildtype
/home/ascott10/documents/school/capstone/wt/MHVWT_A70036_3386_1367.png,wildtype
/home/ascott10/documents/school/capstone/wt/MHVWT_A70033_956_861.png,wildtype
